DROP TABLE IF EXISTS `student`;
CREATE  TABLE `student` (
  `studentId` VARCHAR(7) NOT NULL ,
  `barcode` VARCHAR(20) NOT NULL ,
  `password` VARCHAR(10) NOT NULL ,
  `firstName` VARCHAR(20) NOT NULL ,
  `secondName` VARCHAR(20) NOT NULL ,
  `program` VARCHAR(4) NOT NULL ,
  `programOption` VARCHAR(100) NOT NULL ,
  `registrationDate` DATE NOT NULL ,
  `minCredits` DOUBLE NOT NULL ,
  `sequenceId` varchar(14) NOT NULL DEFAULT '',
  PRIMARY KEY (`studentId`),
  UNIQUE KEY `studentId_UNIQUE` (`studentId`) ,
  UNIQUE KEY `barcode_UNIQUE` (`barcode`)
) ENGINE = InnoDB DEFAULT CHARSET=utf8;

INSERT INTO `student` (`studentId`, `barcode`, `password`, `firstName`, `secondName`, `program`, `programOption`, `registrationDate`, `minCredits`, `sequenceId`) VALUES
('9060555', '1234567891082345', 'password2', 'First2', 'Second2', 'COEN', 'None', '1969-12-31', 120, 'COENSept'),
('9020955', '1234567391012345', 'password4', 'First4', 'Second4', 'COEN', 'Avionics and Embedded Systems', '1969-12-31', 120, 'COENSeptOption'),
('9060005', '1234567891012340', 'password3', 'First3', 'Second3', 'COEN', 'None', '1969-12-31', 120, 'COENJan'),
('1160955', '1234567891012341', 'password1', 'First1', 'Second1', 'COEN', 'Avionics and Embedded Systems', '1969-12-31', 120, 'COENJanOption'),
('9601643', '12345678910123450', 'password', 'Pierre-Marc', 'Airoldi', 'COEN', 'None', '2009-09-01', 120, 'COENSept');

--
-- Table structure for table `authorities`
--
DROP TABLE IF EXISTS `authorities`;
CREATE TABLE IF NOT EXISTS `authorities` (
  `studentId` VARCHAR(7) NOT NULL,
  `authority` varchar(20) NOT NULL,
  KEY `fk_username` (`studentId`)
) ENGINE = InnoDB DEFAULT CHARSET=utf8;
--
-- Dumping data for table `authority`
--
INSERT INTO `authorities` (`studentId`, `authority`) VALUES
  ('9060555', 'ROLE_STUDENT'),
  ('9020955', 'ROLE_STUDENT'),
  ('9060005', 'ROLE_STUDENT'),
  ('1160955', 'ROLE_STUDENT'),
  ('9601643', 'ROLE_STUDENT');

--
-- Table structure for table `course`
--
DROP TABLE IF EXISTS `course`;
CREATE TABLE IF NOT EXISTS `course` (
  `courseId` varchar(8) NOT NULL,
  `courseName` varchar(100) NOT NULL,
  `courseDescription` text NOT NULL,
  `credits` DOUBLE NOT NULL DEFAULT '3',
  `elective` BOOLEAN NOT NULL DEFAULT '0',
  PRIMARY KEY (`courseId`),
  UNIQUE KEY `id_UNIQUE` (`courseId`)
) ENGINE= InnoDB DEFAULT CHARSET=utf8;
--
-- Dumping data for table `course`
--
INSERT INTO `course` (`courseId`, `courseName`, `courseDescription`, `credits`, `elective`) VALUES
('ELEC 273', 'Principles of Electrical Engineering', 'q', 3.50, 0),
('ENCS 282', 'Technical Writing and Communication', 'q', 3.00, 0),
('ENGR 201', 'Professional Practice and Responsibility', 'q', 1.50, 0),
('ENGR 202', 'Sustainable Development and Environmental Stewardship', 'q', 1.50, 0),
('ENGR 213', 'Applied Ordinary Differential Equations', 'q', 3.00, 0),
('ENGR 233', 'Applied Advanced Calculus', 'q', 3.00, 0),
('ENGR 301', 'Engineering Management Principles and Economics', 'q', 3.00, 0),
('ENGR 371', 'Probability and Statistics in Engineering', 'q', 3.00, 0),
('ENGR 391', 'Numerical Methods in Engineering', 'q', 3.00, 0),
('ENGR 392', 'Impact of Technology on Society', 'q', 3.00, 0),

('COEN 231', 'Introduction to Discrete Mathematics', 'q', 3.00, 0),
('COEN 243', 'Programming Methodology I', 'q', 3.00, 0),
('COEN 244', 'Programming Methodology II', 'q', 3.00, 0),
('COEN 311', 'Computer Organization and Software', 'q', 3.50, 0),
('COEN 312', 'Digital Systems Design I', 'q', 3.50, 0),
('COEN 316', 'Computer Architecture and Design', 'q', 3.00, 0),
('COEN 317', 'Microprocessor Systems', 'q', 4.00, 0),
('COEN 346', 'Operating Systems', 'q', 4.00, 0),
('COEN 352', 'Data Structures and Algorithms', 'q', 3.00, 0),
('COEN 390', 'Computer Engineering Team Design Project', 'q', 3.00, 0),
('COEN 490', 'Capstone Computer Engineering Design Project', 'q', 4.00, 0),
('ELEC 264', 'Signals and Systems I', 'q', 3.00, 0),
('ELEC 311', 'Electronics I', 'q', 4.00, 0),
('ELEC 321', 'Introduction to Semiconductor Materials and Devices', 'q', 3.50, 0),
('ELEC 353', 'Transmission Line Circuits and Electromagnetic Waves', 'q', 3.00, 0),
('ELEC 364', 'Signals and Systems II', 'q', 3.50, 0),
('ELEC 370', 'Modelling and Analysis of Physical Systems', 'q', 3.50, 0),
('ELEC 372', 'Fundamentals of Control Systems', 'q', 3.50, 0),
('SOEN 341', 'Software Process', 'q', 3.00, 0),

('COEN 313', 'Digital Systems Design II', 'q', 3.50, 1),
('COEN 315', 'Digital Electronics', 'q', 3.50, 1),
('COEN 413', 'Hardware Functional Verification', 'q', 3.00, 1),
('COEN 451', 'VLSI Circuit Design', 'q', 4.00, 1),
('ELEC 312', 'Electronics II', 'q', 4.00, 1),
('ELEC 458', 'Techniques in Electromagnetic Compatibility', 'q', 3.00, 1),

('COEN 320', 'Introduction to Real Time Systems', 'q', 3.00, 1),
('COEN 345', 'Software Testing and Validation', 'q', 4.00, 1),
('COEN 421', 'Embedded Systems and Software Design', 'q', 4.00, 1),
('COEN 432', 'Applied Genetic and Evolutionary Systems', 'q', 3.00, 1),

('COMP 335', 'Introduction to Theoretical Computer Science', 'q', 3.00, 1),
('COMP 353', 'Databases', 'q', 4.00, 1),
('COMP 371', 'Computer Graphics', 'q', 4.00, 1),






('ELEC 415', 'Flight Control Systems', 'q', 3.50, 1),
('ELEC 416', 'Avionic Navigation Systems', 'q', 3.00, 1),
('ENGR 418', 'Integration of Avionics Systems', 'q', 3.00, 1),


('MARK 201', 'Introduction to Marketing', 'q', 3.00, 0),

('COEN 030', 'Elective Course', 'q', 0.00, 0),
('COEN 031', 'Elective Course', 'q', 0.00, 0),
('COEN 040', 'Elective Course', 'q', 0.00, 0),
('COEN 041', 'Elective Course', 'q', 0.00, 0),
('COEN 050', 'Elective Course', 'q', 0.00, 0),
('COEN 051', 'Elective Course', 'q', 0.00, 0),
('COEN 052', 'Elective Course', 'q', 0.00, 0);

--
-- Table structure for table `prerequisite`
--
DROP TABLE IF EXISTS `prerequisite`;
CREATE TABLE IF NOT EXISTS `prerequisite` (
  `id` bigint NOT NULL AUTO_INCREMENT ,
  `prerequisiteId` varchar(8) NOT NULL DEFAULT '',
  `courseId` varchar(8) NOT NULL DEFAULT '',
  PRIMARY KEY (`id`),
  KEY `fk_course` (`courseId`)
) ENGINE = InnoDB DEFAULT CHARSET=utf8;
--
-- Dumping data for table `prerequisite`
--
INSERT INTO `prerequisite` (`id`, `prerequisiteId`, `courseId`) VALUES
('1','ENGR 213','ENGR 371'),
('2','ENGR 233','ENGR 371'),
('3','ENGR 213','ENGR 391'),
('4','ENGR 233','ENGR 391'),
('5','COEN 243','ENGR 391'),
('6','ENCS 282','ENGR 392'),
('7','ENGR 201','ENGR 392'),
('8','ENGR 202','ENGR 392'),
('9','COEN 243','COEN 244'),
('10','COEN 243','COEN 311'),
('11','COEN 231','COEN 312'),
('12','COEN 311','COEN 316'),
('13','COEN 312','COEN 316'),
('14','COEN 311','COEN 317'),
('15','COEN 312','COEN 317'),
('16','COEN 311','COEN 346'),
('17','COEN 352','COEN 346'),
('18','COEN 244','COEN 352'),
('19','COEN 244','COEN 390'),
('20','COEN 311','COEN 390'),
('21','ENCS 282','COEN 390'),
('22','ENGR 301','COEN 390'),
('23','ENGR 371','COEN 490'),
('24','COEN 352','COEN 490'),
('25','COEN 390','COEN 490'),
('26','ELEC 311','COEN 490'),
('27','SOEN 341','COEN 490'),
('28','ELEC 273','ELEC 264'),
('29','ENGR 213','ELEC 264'),
('30','ELEC 273','ELEC 311'),
('31','ENGR 213','ELEC 321'),
('32','ELEC 264','ELEC 353'),
('33','ELEC 273','ELEC 353'),
('34','ELEC 264','ELEC 364'),
('35','ELEC 370','ELEC 372'),
('36','COEN 311','SOEN 341'),
('37','COEN 352','SOEN 341'),
('38','ENCS 282','SOEN 341'),
('39','COEN 312','COEN 313'),
('40','ELEC 311','COEN 315'),
('41','COEN 313','COEN 413'),
('42','COEN 312','COEN 451'),
('43','ELEC 311','COEN 451'),
('44','ELEC 311','ELEC 312'),
('45','ELEC 364','ELEC 312'),
('47','ELEC 353','ELEC 458'),
('48','COEN 346','COEN 320'),
('49','SOEN 341','COEN 345'),
('50','COEN 320','COEN 421'),
('51','COEN 317','COEN 421'),
('52','SOEN 341','COEN 421'),
('53','COEN 231','COMP 335'),
('54','COEN 244','COMP 335'),
('55','COEN 352','COMP 353'),
('56','COEN 244','COMP 371'),
('57','COEN 352','COMP 371'),
('58','COEN 346','COMP 426'),
('59','COEN 346','COMP 428'),
('60','COEN 311','COMP 442'),
('61','COMP 335','COMP 442'),
('62','COEN 352','COMP 442'),
('63','COMP 353','COMP 451'),
('64','COMP 335','COMP 465'),
('65','COEN 352','COMP 465'),
('66','COEN 352','COMP 472'),
('67','COEN 352','COMP 474'),
('68','SOEN 341','SOEN 342'),
('69','SOEN 343','SOEN 344'),
('70','SOEN 341','SOEN 357'),
('71','COEN 346','COEN 445'),
('72','ELEC 364','ELEC 363'),
('73','ENGR 371','ELEC 363'),
('74','ELEC 364','ELEC 442'),
('75','ELEC 363','ELEC 462'),
('77','COEN 445','ELEC 472'),
('78','ELEC 372','ELEC 481'),
('79','ENGR 391','ELEC 482'),
('80','ELEC 372','ELEC 483'),
('81','ELEC 372','ELEC 415'),
('82','ELEC 370','ELEC 416'),
('83','ENCS 282','ENGR 411');

--
-- Table structure for table `corequisite`
--
DROP TABLE IF EXISTS `corequisite`;
CREATE TABLE IF NOT EXISTS `corequisite` (
  `id` bigint NOT NULL,
  `corequisiteId` varchar(8) NOT NULL DEFAULT '',
  `courseId` varchar(8) NOT NULL DEFAULT '',
  PRIMARY KEY (`id`),
  KEY `fk_course` (`courseId`)
) ENGINE = InnoDB DEFAULT CHARSET=utf8;
--
-- Dumping data for table `corequisite`
--
INSERT INTO `corequisite` (`id`, `corequisiteId`, `courseId`) VALUES
('1','ENGR 213','ELEC 273'),
('2','COEN 231','COEN 243'),
('3','COEN 312','COEN 311'),
('4','ELEC 364','ELEC 370'),
('5','SOEN 342','SOEN 343'),
('6','ENGR 213','ENGR 245');


--
-- Table structure for table `section`
--
DROP TABLE IF EXISTS `section`;
CREATE TABLE IF NOT EXISTS `section` (
  `sectionId` varchar(10) NOT NULL DEFAULT '',
  `semester` int NOT NULL DEFAULT '0',
  `courseId` varchar(8) NOT NULL DEFAULT '',
  PRIMARY KEY (`sectionId`,`courseId`),
  UNIQUE KEY `id_UNIQUE` (`sectionId`),
  KEY `fk_course` (`courseId`)
) ENGINE = InnoDB DEFAULT CHARSET=utf8;

--
-- Dumping data for table `section`
--
INSERT INTO `section` (`sectionId`, `semester`, `courseId`) VALUES
('ELEC 273RI', 2, 'ELEC 273'),
('ELEC 273RJ', 2, 'ELEC 273'),
('ELEC 273RK', 2, 'ELEC 273'),
('ELEC 273RL', 2, 'ELEC 273'),
('ELEC 273UI', 2, 'ELEC 273'),
('ELEC 273UJ', 2, 'ELEC 273'),
('ELEC 273UK', 2, 'ELEC 273'),
('ELEC 273UL', 2, 'ELEC 273'),
('ELEC 273WI', 4, 'ELEC 273'),
('ELEC 273WJ', 4, 'ELEC 273'),
('ELEC 273WK', 4, 'ELEC 273'),
('ELEC 273WL', 4, 'ELEC 273'),
('ENCS 282AI', 1, 'ENCS 282'),
('ENCS 282AJ', 1, 'ENCS 282'),
('ENCS 282AK', 1, 'ENCS 282'),
('ENCS 282AA', 1, 'ENCS 282'),
('ENCS 282AB', 1, 'ENCS 282'),
('ENCS 282AC', 1, 'ENCS 282'),
('ENCS 282CM', 1, 'ENCS 282'),
('ENCS 282CN', 1, 'ENCS 282'),
('ENCS 282CO', 1, 'ENCS 282'),
('ENCS 282AL', 2, 'ENCS 282'),
('ENCS 282AM', 2, 'ENCS 282'),
('ENCS 282AN', 2, 'ENCS 282'),
('ENCS 282BA', 2, 'ENCS 282'),
('ENCS 282BB', 2, 'ENCS 282'),
('ENCS 282BC', 2, 'ENCS 282'),
('ENCS 282BN', 2, 'ENCS 282'),
('ENCS 282BO', 2, 'ENCS 282'),
('ENCS 282BP', 2, 'ENCS 282'),
('ENCS 282YA', 4, 'ENCS 282'),
('ENCS 282YB', 4, 'ENCS 282'),
('ENCS 282YC', 4, 'ENCS 282'),
('ENCS 282EN', 4, 'ENCS 282'),
('ENCS 282EO', 4, 'ENCS 282'),
('ENCS 282EP', 4, 'ENCS 282'),
('ENGR 201AB', 1, 'ENGR 201'),
('ENGR 201AC', 1, 'ENGR 201'),
('ENGR 201AD', 1, 'ENGR 201'),
('ENGR 201AF', 1, 'ENGR 201'),
('ENGR 201GA', 2, 'ENGR 201'),
('ENGR 201GB', 2, 'ENGR 201'),
('ENGR 201GC', 2, 'ENGR 201'),
('ENGR 201GD', 2, 'ENGR 201'),
('ENGR 201HA', 2, 'ENGR 201'),
('ENGR 201HB', 2, 'ENGR 201'),
('ENGR 201HC', 2, 'ENGR 201'),
('ENGR 201HD', 2, 'ENGR 201'),
('ENGR 201QA', 4, 'ENGR 201'),
('ENGR 201QB', 4, 'ENGR 201'),
('ENGR 201QE', 4, 'ENGR 201'),
('ENGR 201QF', 4, 'ENGR 201'),
('ENGR 201SA', 4, 'ENGR 201'),
('ENGR 201SB', 4, 'ENGR 201'),
('ENGR 201SC', 4, 'ENGR 201'),
('ENGR 201SD', 4, 'ENGR 201'),
('ENGR 202AA', 1, 'ENGR 202'),
('ENGR 202G', 2, 'ENGR 202'),
('ENGR 202H', 2, 'ENGR 202'),
('ENGR 202R', 4, 'ENGR 202'),
('ENGR 202SS', 4, 'ENGR 202'),
('ENGR 213AE', 1, 'ENGR 213'),
('ENGR 213PA', 2, 'ENGR 213'),
('ENGR 213PB', 2, 'ENGR 213'),
('ENGR 213RA', 2, 'ENGR 213'),
('ENGR 213RB', 2, 'ENGR 213'),
('ENGR 213TA', 2, 'ENGR 213'),
('ENGR 213TB', 2, 'ENGR 213'),
('ENGR 213UA', 2, 'ENGR 213'),
('ENGR 213UB', 2, 'ENGR 213'),
('ENGR 213VA', 2, 'ENGR 213'),
('ENGR 213VB', 2, 'ENGR 213'),
('ENGR 213XA', 2, 'ENGR 213'),
('ENGR 213XB', 2, 'ENGR 213'),
('ENGR 213XE', 2, 'ENGR 213'),
('ENGR 213XF', 2, 'ENGR 213'),
('ENGR 213FA', 4, 'ENGR 213'),
('ENGR 213FB', 4, 'ENGR 213'),
('ENGR 213GA', 4, 'ENGR 213'),
('ENGR 213GB', 4, 'ENGR 213'),
('ENGR 213JA', 4, 'ENGR 213'),
('ENGR 213JB', 4, 'ENGR 213'),
('ENGR 233CE', 1, 'ENGR 233'),
('ENGR 233CF', 1, 'ENGR 233'),
('ENGR 233PA', 2, 'ENGR 233'),
('ENGR 233PB', 2, 'ENGR 233'),
('ENGR 233QA', 2, 'ENGR 233'),
('ENGR 233QB', 2, 'ENGR 233'),
('ENGR 233JA', 4, 'ENGR 233'),
('ENGR 233JB', 4, 'ENGR 233'),
('ENGR 233RA', 4, 'ENGR 233'),
('ENGR 233RB', 4, 'ENGR 233'),
('ENGR 233SA', 4, 'ENGR 233'),
('ENGR 233SB', 4, 'ENGR 233'),
('ENGR 233TA', 4, 'ENGR 233'),
('ENGR 233TB', 4, 'ENGR 233'),
('ENGR 233UA', 4, 'ENGR 233'),
('ENGR 233UB', 4, 'ENGR 233'),
('ENGR 233VA', 4, 'ENGR 233'),
('ENGR 233VB', 4, 'ENGR 233'),
('ENGR 233XA', 4, 'ENGR 233'),
('ENGR 233XB', 4, 'ENGR 233'),
('ENGR 301AA', 1, 'ENGR 301'),
('ENGR 301AB', 1, 'ENGR 301'),
('ENGR 301GA', 2, 'ENGR 301'),
('ENGR 301GB', 2, 'ENGR 301'),
('ENGR 301GC', 2, 'ENGR 301'),
('ENGR 301GD', 2, 'ENGR 301'),
('ENGR 301HA', 2, 'ENGR 301'),
('ENGR 301HB', 2, 'ENGR 301'),
('ENGR 301HC', 2, 'ENGR 301'),
('ENGR 301HD', 2, 'ENGR 301'),
('ENGR 301FA', 2, 'ENGR 301'),
('ENGR 301FB', 2, 'ENGR 301'),
('ENGR 301FC', 2, 'ENGR 301'),
('ENGR 301FD', 2, 'ENGR 301'),
('ENGR 301IA', 2, 'ENGR 301'),
('ENGR 301IB', 2, 'ENGR 301'),
('ENGR 301IC', 2, 'ENGR 301'),
('ENGR 301ID', 2, 'ENGR 301'),
('ENGR 301RA', 4, 'ENGR 301'),
('ENGR 301RB', 4, 'ENGR 301'),
('ENGR 301RC', 4, 'ENGR 301'),
('ENGR 301RD', 4, 'ENGR 301'),
('ENGR 301SA', 4, 'ENGR 301'),
('ENGR 301SB', 4, 'ENGR 301'),
('ENGR 371CE', 1, 'ENGR 371'),
('ENGR 371CF', 1, 'ENGR 371'),
('ENGR 371CG', 1, 'ENGR 371'),
('ENGR 371RA', 2, 'ENGR 371'),
('ENGR 371RB', 2, 'ENGR 371'),
('ENGR 371RC', 2, 'ENGR 371'),
('ENGR 371SA', 2, 'ENGR 371'),
('ENGR 371SB', 2, 'ENGR 371'),
('ENGR 371SC', 2, 'ENGR 371'),
('ENGR 371VA', 2, 'ENGR 371'),
('ENGR 371VB', 2, 'ENGR 371'),
('ENGR 371FA', 2, 'ENGR 371'),
('ENGR 371FB', 2, 'ENGR 371'),
('ENGR 371FC', 2, 'ENGR 371'),
('ENGR 371TA', 4, 'ENGR 371'),
('ENGR 371TB', 4, 'ENGR 371'),
('ENGR 371TC', 4, 'ENGR 371'),
('ENGR 371WA', 4, 'ENGR 371'),
('ENGR 371WB', 4, 'ENGR 371'),
('ENGR 371WC', 4, 'ENGR 371'),
('ENGR 371UA', 4, 'ENGR 371'),
('ENGR 371UB', 4, 'ENGR 371'),
('ENGR 371UC', 4, 'ENGR 371'),
('ENGR 391AE', 1, 'ENGR 391'),
('ENGR 391AF', 1, 'ENGR 391'),
('ENGR 391CE', 1, 'ENGR 391'),
('ENGR 391CF', 1, 'ENGR 391'),
('ENGR 391CG', 1, 'ENGR 391'),
('ENGR 391CH', 1, 'ENGR 391'),
('ENGR 391FA', 2, 'ENGR 391'),
('ENGR 391FB', 2, 'ENGR 391'),
('ENGR 391SA', 2, 'ENGR 391'),
('ENGR 391SB', 2, 'ENGR 391'),
('ENGR 391VA', 4, 'ENGR 391'),
('ENGR 391VB', 4, 'ENGR 391'),
('ENGR 391VC', 4, 'ENGR 391'),
('ENGR 391XA', 4, 'ENGR 391'),
('ENGR 391XB', 4, 'ENGR 391'),
('ENGR 391XC', 4, 'ENGR 391'),
('ENGR 391UA', 4, 'ENGR 391'),
('ENGR 391UB', 4, 'ENGR 391'),
('ENGR 391UC', 4, 'ENGR 391'),
('ENGR 392AA', 1, 'ENGR 392'),
('ENGR 392AB', 1, 'ENGR 392'),
('ENGR 392CC', 1, 'ENGR 392'),
('ENGR 392D', 2, 'ENGR 392'),
('ENGR 392F', 2, 'ENGR 392'),
('ENGR 392EE', 2, 'ENGR 392'),
('ENGR 392P', 4, 'ENGR 392'),
('ENGR 392Q', 4, 'ENGR 392'),
('ENGR 392RR', 4, 'ENGR 392'),
('COEN 231DA', 2, 'COEN 231'),
('COEN 231DB', 2, 'COEN 231'),
('COEN 231UA', 2, 'COEN 231'),
('COEN 231UB', 2, 'COEN 231'),
('COEN 231YA', 4, 'COEN 231'),
('COEN 231YB', 4, 'COEN 231'),
('COEN 231YC', 4, 'COEN 231'),
('COEN 243AE', 1, 'COEN 243'),
('COEN 243AF', 1, 'COEN 243'),
('COEN 243UA', 2, 'COEN 243'),
('COEN 243UB', 2, 'COEN 243'),
('COEN 243UC', 2, 'COEN 243'),
('COEN 243JA', 4, 'COEN 243'),
('COEN 243JB', 4, 'COEN 243'),
('COEN 243JC', 4, 'COEN 243'),
('COEN 244CE', 1, 'COEN 244'),
('COEN 244CF', 1, 'COEN 244'),
('COEN 244FA', 2, 'COEN 244'),
('COEN 244FB', 2, 'COEN 244'),
('COEN 244FC', 2, 'COEN 244'),
('COEN 244SA', 2, 'COEN 244'),
('COEN 244SB', 2, 'COEN 244'),
('COEN 244SC', 2, 'COEN 244'),
('COEN 244UA', 2, 'COEN 244'),
('COEN 244UB', 2, 'COEN 244'),
('COEN 244UC', 2, 'COEN 244'),
('COEN 244WA', 4, 'COEN 244'),
('COEN 244WB', 4, 'COEN 244'),
('COEN 244WC', 4, 'COEN 244'),
('COEN 244WD', 4, 'COEN 244'),
('COEN 311FI', 2, 'COEN 311'),
('COEN 311FJ', 2, 'COEN 311'),
('COEN 311FK', 2, 'COEN 311'),
('COEN 311FL', 2, 'COEN 311'),
('COEN 311FM', 2, 'COEN 311'),
('COEN 311QI', 2, 'COEN 311'),
('COEN 311QJ', 2, 'COEN 311'),
('COEN 311QL', 2, 'COEN 311'),
('COEN 311QM', 2, 'COEN 311'),
('COEN 311QN', 2, 'COEN 311'),
('COEN 311WI', 4, 'COEN 311'),
('COEN 311WJ', 4, 'COEN 311'),
('COEN 311WK', 4, 'COEN 311'),
('COEN 311WL', 4, 'COEN 311'),
('COEN 312CI', 1, 'COEN 312'),
('COEN 312CJ', 1, 'COEN 312'),
('COEN 312CK', 1, 'COEN 312'),
('COEN 312CL', 1, 'COEN 312'),
('COEN 312UI', 4, 'COEN 312'),
('COEN 312UJ', 4, 'COEN 312'),
('COEN 312UM', 4, 'COEN 312'),
('COEN 312UK', 4, 'COEN 312'),
('COEN 312UL', 4, 'COEN 312'),
('COEN 312LI', 4, 'COEN 312'),
('COEN 312LJ', 4, 'COEN 312'),
('COEN 312LK', 4, 'COEN 312'),
('COEN 312LM', 4, 'COEN 312'),
('COEN 312LN', 4, 'COEN 312'),
('COEN 316UA', 2, 'COEN 316'),
('COEN 317UI', 2, 'COEN 317'),
('COEN 317UJ', 2, 'COEN 317'),
('COEN 317UK', 2, 'COEN 317'),
('COEN 317UL', 2, 'COEN 317'),
('COEN 317UM', 2, 'COEN 317'),
('COEN 317UN', 2, 'COEN 317'),
('COEN 346YI', 4, 'COEN 346'),
('COEN 346YJ', 4, 'COEN 346'),
('COEN 346YK', 4, 'COEN 346'),
('COEN 352CE', 1, 'COEN 352'),
('COEN 352HA', 2, 'COEN 352'),
('COEN 352HB', 2, 'COEN 352'),
('COEN 390HA', 2, 'COEN 390'),
('COEN 390WA', 4, 'COEN 390'),
('COEN 490UA', 3, 'CEON 490'),
('ELEC 264AE', 1, 'ELEC 264'),
('ELEC 264AF', 1, 'ELEC 264'),
('ELEC 264UA', 4, 'ELEC 264'),
('ELEC 264UB', 4, 'ELEC 264'),
('ELEC 264UC', 4, 'ELEC 264'),
('ELEC 264WA', 4, 'ELEC 264'),
('ELEC 264WB', 4, 'ELEC 264'),
('ELEC 264WC', 4, 'ELEC 264'),
('ELEC 311BI', 1, 'ELEC 311'),
('ELEC 311BK', 1, 'ELEC 311'),
('ELEC 311BL', 1, 'ELEC 311'),
('ELEC 311FI', 2, 'ELEC 311'),
('ELEC 311FJ', 2, 'ELEC 311'),
('ELEC 311FK', 2, 'ELEC 311'),
('ELEC 311FL', 2, 'ELEC 311'),
('ELEC 311UI', 2, 'ELEC 311'),
('ELEC 311UJ', 2, 'ELEC 311'),
('ELEC 311UK', 2, 'ELEC 311'),
('ELEC 311UL', 2, 'ELEC 311'),
('ELEC 321HI', 4, 'ELEC 321'),
('ELEC 321HJ', 4, 'ELEC 321'),
('ELEC 321HK', 4, 'ELEC 321'),
('ELEC 321HL', 4, 'ELEC 321'),
('ELEC 321HM', 4, 'ELEC 321'),
('ELEC 321HN', 4, 'ELEC 321'),
('ELEC 321HO', 4, 'ELEC 321'),
('ELEC 321HP', 4, 'ELEC 321'),
('ELEC 321WI', 4, 'ELEC 321'),
('ELEC 321WJ', 4, 'ELEC 321'),
('ELEC 321WK', 4, 'ELEC 321'),
('ELEC 321WL', 4, 'ELEC 321'),
('ELEC 321WM', 4, 'ELEC 321'),
('ELEC 321WN', 4, 'ELEC 321'),
('ELEC 321WO', 4, 'ELEC 321'),
('ELEC 321WP', 4, 'ELEC 321'),
('ELEC 353WA', 4, 'ELEC 353'),
('ELEC 353WB', 4, 'ELEC 353'),
('ELEC 364AI', 1, 'ELEC 364'),
('ELEC 364AJ', 1, 'ELEC 364'),
('ELEC 364UI', 2, 'ELEC 364'),
('ELEC 364UJ', 2, 'ELEC 364'),
('ELEC 364WI', 2, 'ELEC 364'),
('ELEC 364WJ', 2, 'ELEC 364'),
('ELEC 370AI', 1, 'ELEC 370'),
('ELEC 370AJ', 1, 'ELEC 370'),
('ELEC 370AK', 1, 'ELEC 370'),
('ELEC 370UI', 4, 'ELEC 370'),
('ELEC 370UJ', 4, 'ELEC 370'),
('ELEC 370UK', 4, 'ELEC 370'),
('ELEC 370UL', 4, 'ELEC 370'),
('ELEC 370WI', 4, 'ELEC 370'),
('ELEC 370WJ', 4, 'ELEC 370'),
('ELEC 370WK', 4, 'ELEC 370'),
('ELEC 370WL', 4, 'ELEC 370'),
('ELEC 372RI', 2, 'ELEC 372'),
('ELEC 372RJ', 2, 'ELEC 372'),
('ELEC 372RM', 2, 'ELEC 372'),
('ELEC 372RK', 2, 'ELEC 372'),
('ELEC 372RL', 2, 'ELEC 372'),
('ELEC 372UI', 4, 'ELEC 372'),
('ELEC 372UJ', 4, 'ELEC 372'),
('ELEC 372UK', 4, 'ELEC 372'),
('ELEC 372UL', 4, 'ELEC 372'),
('SOEN 341HA', 2, 'SOEN 341'),
('SOEN 341HB', 2, 'SOEN 341'),
('SOEN 341SA', 4, 'SOEN 341'),
('SOEN 341SB', 4, 'SOEN 341'),
('COEN 313UI', 2, 'COEN 313'),
('COEN 313UJ', 2, 'COEN 313'),
('COEN 313UK', 2, 'COEN 313'),
('COEN 313UL', 2, 'COEN 313'),
('COEN 313FI', 2, 'COEN 313'),
('COEN 313FJ', 2, 'COEN 313'),
('COEN 313FK', 2, 'COEN 313'),
('COEN 313FL', 2, 'COEN 313'),
('COEN 315UI', 4, 'COEN 315'),
('COEN 315UJ', 4, 'COEN 315'),
('COEN 315UL', 4, 'COEN 315'),
('COEN 413U', 4, 'COEN 413'),
('COEN 451UI', 2, 'COEN 451'),
('COEN 451UJ', 2, 'COEN 451'),
('ELEC 312FI', 2, 'ELEC 312'),
('ELEC 312FJ', 2, 'ELEC 312'),
('ELEC 312FK', 2, 'ELEC 312'),
('ELEC 312FL', 2, 'ELEC 312'),
('ELEC 312WI', 4, 'ELEC 312'),
('ELEC 312WJ', 4, 'ELEC 312'),
('ELEC 458UU', 2, 'ELEC 458'),
('COEN 320SA', 2, 'COEN 320'),
('COEN 320SB', 2, 'COEN 320'),
('COEN 345UI', 2, 'COEN 345'),
('COEN 345UJ', 2, 'COEN 345'),
('COEN 421UI', 4, 'COEN 421'),
('COEN 421UJ', 4, 'COEN 421'),
('COEN 421UK', 4, 'COEN 421'),
('COEN 432WW', 4, 'COEN 432'),
('COMP 335AE', 1, 'COMP 335'), 
('COMP 335AF', 1, 'COMP 335'), 
('COMP 335GA', 2, 'COMP 335'), 
('COMP 335GB', 2, 'COMP 335'), 
('COMP 335EA', 2, 'COMP 335'), 
('COMP 335EB', 2, 'COMP 335'), 
('COMP 335NA', 4, 'COMP 335'), 
('COMP 335NB', 4, 'COMP 335'),
('ELEC 415XL', 2, 'ELEC 415'),
('ELEC 415XM', 2, 'ELEC 415'),
('ELEC 415XN', 2, 'ELEC 415'),
('ELEC 415XO', 2, 'ELEC 415'),
('ELEC 415XP', 2, 'ELEC 415'),
('ELEC 415XQ', 2, 'ELEC 415'),
('ELEC 416M', 2, 'ELEC 416'),
('ENGR 418XX', 4, 'ENGR 418'),
('MARK 201D', 4, 'MARK 201'),
('MARK 201E', 4, 'MARK 201'),
('MARK 201F', 4, 'MARK 201'),
('MARK 201BB', 4, 'MARK 201');
--
-- Table structure for table `timeslot`
--
DROP TABLE IF EXISTS `timeslot`;
CREATE TABLE IF NOT EXISTS `timeslot` (
  `timeSlotId` bigint NOT NULL AUTO_INCREMENT ,
  `classType` enum('LEC', 'TUT', 'LAB') NOT NULL DEFAULT 'LEC',
  `dayOfWeek` enum('MON', 'TUE', 'WED', 'THU', 'FRI') NOT NULL DEFAULT 'MON',
  `startTime` time NOT NULL DEFAULT '00:00:00',
  `endTime` time NOT NULL DEFAULT '00:00:00',
  `sectionId` varchar(10) NOT NULL DEFAULT '',
  `sectionName` varchar(2) NOT NULL DEFAULT '',
  PRIMARY KEY (`timeSlotId`),
  UNIQUE KEY `id_UNIQUE` (`timeSlotId`),
  KEY `fk_timeslot_section` (`sectionId`)
) ENGINE = InnoDB DEFAULT CHARSET=utf8;

--
-- Dumping data for table `timeslot`
--
INSERT INTO `timeslot` (`timeSlotId`, `classType`, `dayOfWeek`, `startTime`, `endTime`, `sectionId`, `sectionName`) VALUES
(1, 'LEC', 'TUE', '10:15:00', '11:30:00', 'ELEC 273RI', 'R'),
(2, 'LEC', 'THU', '10:15:00', '11:30:00', 'ELEC 273RI', 'R'),
(3, 'TUT', 'TUE', '14:30:00', '16:10:00', 'ELEC 273RI', 'RA'),
(4, 'LAB', 'MON', '17:45:00', '20:15:00', 'ELEC 273RI', 'RI'),
(5, 'LEC', 'TUE', '10:15:00', '11:30:00', 'ELEC 273RJ', 'R'),
(6, 'LEC', 'THU', '10:15:00', '11:30:00', 'ELEC 273RJ', 'R'),
(7, 'TUT', 'TUE', '14:30:00', '16:10:00', 'ELEC 273RJ', 'RA'),
(8, 'LAB', 'MON', '17:45:00', '20:15:00', 'ELEC 273RJ', 'RJ'),
(9, 'LEC', 'TUE', '10:15:00', '11:30:00', 'ELEC 273RK', 'R'),
(10, 'LEC', 'THU', '10:15:00', '11:30:00', 'ELEC 273RK', 'R'),
(11, 'TUT', 'MON', '14:30:00', '16:10:00', 'ELEC 273RK', 'RB'),
(12, 'LAB', 'THU', '15:30:00', '18:15:00', 'ELEC 273RK', 'RK'),
(13, 'LEC', 'TUE', '10:15:00', '11:30:00', 'ELEC 273RL', 'R'),
(14, 'LEC', 'THU', '10:15:00', '11:30:00', 'ELEC 273RL', 'R'),
(15, 'TUT', 'MON', '14:30:00', '16:10:00', 'ELEC 273RL', 'RB'),
(16, 'LAB', 'THU', '15:30:00', '18:15:00', 'ELEC 273RL', 'RL'),
(17, 'LEC', 'TUE', '11:45:00', '13:00:00', 'ELEC 273UI', 'U'),
(18, 'LEC', 'THU', '11:45:00', '13:00:00', 'ELEC 273UI', 'U'),
(19, 'TUT', 'THU', '14:30:00', '16:10:00', 'ELEC 273UI', 'UA'),
(20, 'LAB', 'WED', '14:45:00', '17:25:00', 'ELEC 273UI', 'UI'),
(21, 'LEC', 'TUE', '11:45:00', '13:00:00', 'ELEC 273UJ', 'U'),
(22, 'LEC', 'THU', '11:45:00', '13:00:00', 'ELEC 273UJ', 'U'),
(23, 'TUT', 'THU', '14:30:00', '16:10:00', 'ELEC 273UJ', 'UA'),
(24, 'LAB', 'WED', '14:45:00', '17:25:00', 'ELEC 273UJ', 'UJ'),
(25, 'LEC', 'TUE', '11:45:00', '13:00:00', 'ELEC 273UK', 'U'),
(26, 'LEC', 'THU', '11:45:00', '13:00:00', 'ELEC 273UK', 'U'),
(27, 'TUT', 'WED', '14:30:00', '16:10:00', 'ELEC 273UK', 'UB'),
(28, 'LAB', 'TUE', '14:45:00', '17:25:00', 'ELEC 273UK', 'UK'),
(29, 'LEC', 'TUE', '11:45:00', '13:00:00', 'ELEC 273UL', 'U'),
(30, 'LEC', 'THU', '11:45:00', '13:00:00', 'ELEC 273UL', 'U'),
(31, 'TUT', 'WED', '14:30:00', '16:10:00', 'ELEC 273UL', 'UB'),
(32, 'LAB', 'TUE', '14:45:00', '17:25:00', 'ELEC 273UL', 'UL'),
(33, 'LEC', 'TUE', '10:15:00', '11:30:00', 'ELEC 273WI', 'W'),
(34, 'LEC', 'THU', '10:15:00', '11:30:00', 'ELEC 273WI', 'W'),
(35, 'TUT', 'THU', '11:45:00', '13:25:00', 'ELEC 273WI', 'WA'),
(36, 'LAB', 'FRI', '10:15:00', '13:00:00', 'ELEC 273WI', 'WI'),
(37, 'LEC', 'TUE', '10:15:00', '11:30:00', 'ELEC 273WJ', 'W'),
(38, 'LEC', 'THU', '10:15:00', '11:30:00', 'ELEC 273WJ', 'W'),
(39, 'TUT', 'THU', '11:45:00', '13:25:00', 'ELEC 273WJ', 'WA'),
(40, 'LAB', 'FRI', '10:15:00', '13:00:00', 'ELEC 273WJ', 'WJ'),
(41, 'LEC', 'TUE', '10:15:00', '11:30:00', 'ELEC 273WK', 'W'),
(42, 'LEC', 'THU', '10:15:00', '11:30:00', 'ELEC 273WK', 'W'),
(43, 'TUT', 'THU', '11:45:00', '13:25:00', 'ELEC 273WK', 'WB'),
(44, 'LAB', 'WED', '11:45:00', '14:30:00', 'ELEC 273WK', 'WK'),
(45, 'LEC', 'TUE', '10:15:00', '11:30:00', 'ELEC 273WL', 'W'),
(46, 'LEC', 'THU', '10:15:00', '11:30:00', 'ELEC 273WL', 'W'),
(47, 'TUT', 'THU', '11:45:00', '13:25:00', 'ELEC 273WL', 'WB'),
(48, 'LAB', 'WED', '11:45:00', '14:30:00', 'ELEC 273WL', 'WL'),
(49, 'LEC', 'TUE', '10:15:00', '12:45:00', 'ENCS 282AI', 'AA'),
(50, 'LEC', 'THU', '10:15:00', '12:45:00', 'ENCS 282AI', 'AA'),
(51, 'TUT', 'TUE', '08:30:00', '10:10:00', 'ENCS 282AI', 'AI'),
(52, 'TUT', 'THU', '08:30:00', '10:10:00', 'ENCS 282AI', 'AI'),
(53, 'LEC', 'TUE', '10:15:00', '12:45:00', 'ENCS 282AJ', 'AA'),
(54, 'LEC', 'THU', '10:15:00', '12:45:00', 'ENCS 282AJ', 'AA'),
(55, 'TUT', 'TUE', '14:00:00', '15:40:00', 'ENCS 282AJ', 'AJ'),
(56, 'TUT', 'THU', '14:00:00', '15:40:00', 'ENCS 282AJ', 'AJ'),
(57, 'LEC', 'TUE', '10:15:00', '12:45:00', 'ENCS 282AK', 'AA'),
(58, 'LEC', 'THU', '10:15:00', '12:45:00', 'ENCS 282AK', 'AA'),
(59, 'TUT', 'MON', '08:45:00', '10:25:00', 'ENCS 282AK', 'AK'),
(60, 'TUT', 'WED', '08:45:00', '10:25:00', 'ENCS 282AK', 'AK'),
(61, 'LEC', 'TUE', '10:45:00', '13:15:00', 'ENCS 282AA', 'AA'),
(62, 'LEC', 'THU', '10:45:00', '13:15:00', 'ENCS 282AA', 'AA'),
(63, 'TUT', 'TUE', '08:30:00', '10:25:00', 'ENCS 282AA', 'AL'),
(64, 'TUT', 'THU', '08:30:00', '10:25:00', 'ENCS 282AA', 'AL'),
(65, 'LEC', 'TUE', '10:45:00', '13:15:00', 'ENCS 282AB', 'AA'),
(66, 'LEC', 'THU', '10:45:00', '13:15:00', 'ENCS 282AB', 'AA'),
(67, 'TUT', 'TUE', '14:00:00', '15:40:00', 'ENCS 282AB', 'AM'),
(68, 'TUT', 'THU', '14:00:00', '15:40:00', 'ENCS 282AB', 'AM'),
(69, 'LEC', 'TUE', '10:45:00', '13:15:00', 'ENCS 282AC', 'AA'),
(70, 'LEC', 'THU', '10:45:00', '13:15:00', 'ENCS 282AC', 'AA'),
(71, 'TUT', 'MON', '08:45:00', '10:25:00', 'ENCS 282AC', 'AN'),
(72, 'TUT', 'WED', '08:45:00', '10:25:00', 'ENCS 282AC', 'AN'),
(73, 'LEC', 'TUE', '10:15:00', '12:45:00', 'ENCS 282CM', 'CC'),
(74, 'LEC', 'THU', '10:15:00', '12:45:00', 'ENCS 282CM', 'CC'),
(75, 'TUT', 'TUE', '08:30:00', '10:10:00', 'ENCS 282CM', 'CM'),
(76, 'TUT', 'THU', '08:30:00', '10:10:00', 'ENCS 282CM', 'CM'),
(77, 'LEC', 'TUE', '10:15:00', '12:45:00', 'ENCS 282CN', 'CC'),
(78, 'LEC', 'THU', '10:15:00', '12:45:00', 'ENCS 282CN', 'CC'),
(79, 'TUT', 'TUE', '14:00:00', '15:40:00', 'ENCS 282CN', 'CN'),
(80, 'TUT', 'THU', '14:00:00', '15:40:00', 'ENCS 282CN', 'CN'),
(81, 'LEC', 'TUE', '10:15:00', '12:45:00', 'ENCS 282CO', 'CC'),
(82, 'LEC', 'THU', '10:15:00', '12:45:00', 'ENCS 282CO', 'CC'),
(83, 'TUT', 'MON', '08:45:00', '10:25:00', 'ENCS 282CO', 'CO'),
(84, 'TUT', 'WED', '08:45:00', '10:25:00', 'ENCS 282CO', 'CO'),
(85, 'LEC', 'MON', '16:15:00', '17:30:00', 'ENCS 282AL', 'A'),
(86, 'LEC', 'WED', '16:15:00', '17:30:00', 'ENCS 282AL', 'A'),
(87, 'TUT', 'MON', '08:20:00', '10:00:00', 'ENCS 282AL', 'AL'),
(88, 'LEC', 'MON', '16:15:00', '17:30:00', 'ENCS 282AM', 'A'),
(89, 'LEC', 'WED', '16:15:00', '17:30:00', 'ENCS 282AM', 'A'),
(90, 'TUT', 'MON', '08:20:00', '10:00:00', 'ENCS 282AM', 'AM'),
(91, 'LEC', 'MON', '16:15:00', '17:30:00', 'ENCS 282AN', 'A'),
(92, 'LEC', 'WED', '16:15:00', '17:30:00', 'ENCS 282AN', 'A'),
(93, 'TUT', 'MON', '08:20:00', '10:00:00', 'ENCS 282AN', 'AN'),
(94, 'LEC', 'MON', '14:45:00', '16:00:00', 'ENCS 282BA', 'B'),
(95, 'LEC', 'WED', '14:45:00', '16:00:00', 'ENCS 282BA', 'B'),
(96, 'TUT', 'WED', '16:15:00', '17:55:00', 'ENCS 282BA', 'BA'),
(97, 'LEC', 'MON', '14:45:00', '16:00:00', 'ENCS 282BB', 'B'),
(98, 'LEC', 'WED', '14:45:00', '16:00:00', 'ENCS 282BB', 'B'),
(99, 'TUT', 'WED', '16:15:00', '17:55:00', 'ENCS 282BB', 'BB'),
(100, 'LEC', 'MON', '14:45:00', '16:00:00', 'ENCS 282BC', 'B'),
(101, 'LEC', 'WED', '14:45:00', '16:00:00', 'ENCS 282BC', 'B'),
(102, 'TUT', 'WED', '16:15:00', '17:55:00', 'ENCS 282BC', 'BC'),
(103, 'LEC', 'TUE', '17:45:00', '20:15:00', 'ENCS 282BN', 'BB'),
(104, 'TUT', 'FRI', '16:15:00', '17:55:00', 'ENCS 282BN', 'BN'),
(105, 'LEC', 'TUE', '17:45:00', '20:15:00', 'ENCS 282BO', 'BB'),
(106, 'TUT', 'FRI', '16:15:00', '17:55:00', 'ENCS 282BO', 'BO'),
(107, 'LEC', 'TUE', '17:45:00', '20:15:00', 'ENCS 282BP', 'BB'),
(108, 'TUT', 'FRI', '16:15:00', '17:55:00', 'ENCS 282BP', 'BP'),
(109, 'LEC', 'TUE', '14:45:00', '16:00:00', 'ENCS 282YA', 'Y'),
(110, 'LEC', 'THU', '14:45:00', '16:00:00', 'ENCS 282YA', 'Y'),
(111, 'TUT', 'FRI', '16:15:00', '17:55:00', 'ENCS 282YA', 'YA'),
(112, 'LEC', 'TUE', '14:45:00', '16:00:00', 'ENCS 282YB', 'Y'),
(113, 'LEC', 'THU', '14:45:00', '16:00:00', 'ENCS 282YB', 'Y'),
(114, 'TUT', 'TUE', '16:15:00', '17:55:00', 'ENCS 282YB', 'YB'),
(115, 'LEC', 'TUE', '14:45:00', '16:00:00', 'ENCS 282YC', 'Y'),
(116, 'LEC', 'THU', '14:45:00', '16:00:00', 'ENCS 282YC', 'Y'),
(117, 'TUT', 'MON', '16:15:00', '17:55:00', 'ENCS 282YC', 'YC'),
(118, 'LEC', 'TUE', '17:45:00', '20:15:00', 'ENCS 282EN', 'EE'),
(119, 'TUT', 'MON', '16:15:00', '17:55:00', 'ENCS 282EN', 'EN'),
(120, 'LEC', 'TUE', '17:45:00', '20:15:00', 'ENCS 282EO', 'EE'),
(121, 'TUT', 'THU', '16:15:00', '17:55:00', 'ENCS 282EO', 'EO'),
(122, 'LEC', 'TUE', '17:45:00', '20:15:00', 'ENCS 282EP', 'EE'),
(123, 'TUT', 'FRI', '16:15:00', '17:55:00', 'ENCS 282EP', 'EP'),
(124, 'LEC', 'MON', '18:30:00', '21:00:00', 'ENGR 201AB', 'AA'),
(125, 'TUT', 'THU', '09:30:00', '10:20:00', 'ENGR 201AB', 'AB'),
(126, 'LEC', 'MON', '18:30:00', '21:00:00', 'ENGR 201AC', 'AA'),
(127, 'TUT', 'THU', '11:00:00', '11:50:00', 'ENGR 201AC', 'AC'),
(128, 'LEC', 'MON', '18:30:00', '21:00:00', 'ENGR 201AD', 'AA'),
(129, 'TUT', 'THU', '13:00:00', '13:50:00', 'ENGR 201AD', 'AD'),
(130, 'LEC', 'MON', '18:30:00', '21:00:00', 'ENGR 201AF', 'AA'),
(131, 'TUT', 'THU', '14:00:00', '14:50:00', 'ENGR 201AF', 'AF'),
(132, 'LEC', 'TUE', '16:15:00', '17:30:00', 'ENGR 201GA', 'G'),
(133, 'TUT', 'WED', '08:45:00', '09:35:00', 'ENGR 201GA', 'GA'),
(134, 'LEC', 'TUE', '16:15:00', '17:30:00', 'ENGR 201GB', 'G'),
(135, 'TUT', 'WED', '08:45:00', '09:35:00', 'ENGR 201GB', 'GB'),
(136, 'LEC', 'TUE', '16:15:00', '17:30:00', 'ENGR 201GC', 'G'),
(137, 'TUT', 'THU', '16:15:00', '17:05:00', 'ENGR 201GC', 'GC'),
(138, 'LEC', 'TUE', '16:15:00', '17:30:00', 'ENGR 201GD', 'G'),
(139, 'TUT', 'THU', '16:15:00', '17:05:00', 'ENGR 201GD', 'GD'),
(140, 'LEC', 'THU', '16:15:00', '17:30:00', 'ENGR 201HA', 'H'),
(141, 'TUT', 'THU', '17:45:00', '18:35:00', 'ENGR 201HA', 'HA'),
(142, 'LEC', 'THU', '16:15:00', '17:30:00', 'ENGR 201HB', 'H'),
(143, 'TUT', 'THU', '17:45:00', '18:35:00', 'ENGR 201HB', 'HB'),
(144, 'LEC', 'THU', '16:15:00', '17:30:00', 'ENGR 201HC', 'H'),
(145, 'TUT', 'TUE', '16:15:00', '17:05:00', 'ENGR 201HC', 'HC'),
(146, 'LEC', 'THU', '16:15:00', '17:30:00', 'ENGR 201HD', 'H'),
(147, 'TUT', 'MON', '08:45:00', '09:35:00', 'ENGR 201HD', 'HD'),
(148, 'LEC', 'TUE', '16:15:00', '17:30:00', 'ENGR 201QA', 'Q'),
(149, 'TUT', 'WED', '08:45:00', '09:35:00', 'ENGR 201QA', 'QA'),
(150, 'LEC', 'TUE', '16:15:00', '17:30:00', 'ENGR 201QB', 'Q'),
(151, 'TUT', 'WED', '08:45:00', '09:35:00', 'ENGR 201QB', 'QB'),
(152, 'LEC', 'TUE', '16:15:00', '17:30:00', 'ENGR 201QE', 'Q'),
(153, 'TUT', 'THU', '16:15:00', '17:05:00', 'ENGR 201QE', 'QE'),
(154, 'LEC', 'TUE', '16:15:00', '17:30:00', 'ENGR 201QF', 'Q'),
(155, 'TUT', 'THU', '16:15:00', '17:05:00', 'ENGR 201QF', 'QF'),
(156, 'LEC', 'THU', '16:15:00', '17:30:00', 'ENGR 201SA', 'S'),
(157, 'TUT', 'FRI', '08:45:00', '09:35:00', 'ENGR 201SA', 'SA'),
(158, 'LEC', 'THU', '16:15:00', '17:30:00', 'ENGR 201SB', 'S'),
(159, 'TUT', 'FRI', '08:45:00', '09:35:00', 'ENGR 201SB', 'SB'),
(160, 'LEC', 'THU', '16:15:00', '17:30:00', 'ENGR 201SC', 'S'),
(161, 'TUT', 'TUE', '16:15:00', '17:05:00', 'ENGR 201SC', 'SC'),
(162, 'LEC', 'THU', '16:15:00', '17:30:00', 'ENGR 201SD', 'S'),
(163, 'TUT', 'TUE', '16:15:00', '17:05:00', 'ENGR 201SD', 'SD'),
(164, 'LEC', 'MON', '08:45:00', '10:00:00', 'ENGR 202AA', 'AA'),
(165, 'LEC', 'WED', '08:45:00', '10:00:00', 'ENGR 202AA', 'AA'),
(166, 'LEC', 'FRI', '16:15:00', '17:30:00', 'ENGR 202G', 'G'),
(167, 'LEC', 'THU', '16:15:00', '17:30:00', 'ENGR 202H', 'H'),
(168, 'LEC', 'THU', '16:15:00', '17:30:00', 'ENGR 202R', 'R'),
(169, 'LEC', 'WED', '17:45:00', '19:00:00', 'ENGR 202SS', 'SS'),
(170, 'LEC', 'TUE', '10:15:00', '12:45:00', 'ENGR 213AE', 'AA'),
(171, 'LEC', 'THU', '10:15:00', '12:45:00', 'ENGR 213AE', 'AA'),
(172, 'TUT', 'TUE', '08:30:00', '10:10:00', 'ENGR 213AE', 'AE'),
(173, 'TUT', 'THU', '08:30:00', '10:10:00', 'ENGR 213AE', 'AE'),
(174, 'LEC', 'MON', '11:45:00', '13:00:00', 'ENGR 213PA', 'P'),
(175, 'LEC', 'WED', '11:45:00', '13:00:00', 'ENGR 213PA', 'P'),
(176, 'TUT', 'FRI', '13:15:00', '14:55:00', 'ENGR 213PA', 'PA'),
(177, 'LEC', 'MON', '11:45:00', '13:00:00', 'ENGR 213PB', 'P'),
(178, 'LEC', 'WED', '11:45:00', '13:00:00', 'ENGR 213PB', 'P'),
(179, 'TUT', 'FRI', '13:15:00', '14:55:00', 'ENGR 213PB', 'PB'),
(180, 'LEC', 'WED', '08:45:00', '10:00:00', 'ENGR 213RA', 'R'),
(181, 'LEC', 'FRI', '08:45:00', '10:00:00', 'ENGR 213RA', 'R'),
(182, 'TUT', 'MON', '08:20:00', '10:00:00', 'ENGR 213RA', 'RA'),
(183, 'LEC', 'WED', '08:45:00', '10:00:00', 'ENGR 213RB', 'R'),
(184, 'LEC', 'FRI', '08:45:00', '10:00:00', 'ENGR 213RB', 'R'),
(185, 'TUT', 'MON', '08:20:00', '10:00:00', 'ENGR 213RB', 'RB'),
(186, 'LEC', 'TUE', '10:15:00', '11:30:00', 'ENGR 213TA', 'T'),
(187, 'LEC', 'THU', '10:15:00', '11:30:00', 'ENGR 213TA', 'T'),
(188, 'TUT', 'MON', '13:15:00', '14:55:00', 'ENGR 213TA', 'TA'),
(189, 'LEC', 'TUE', '10:15:00', '11:30:00', 'ENGR 213TB', 'T'),
(190, 'LEC', 'THU', '10:15:00', '11:30:00', 'ENGR 213TB', 'T'),
(191, 'TUT', 'MON', '13:15:00', '14:55:00', 'ENGR 213TB', 'TB'),
(192, 'LEC', 'WED', '11:45:00', '13:00:00', 'ENGR 213UA', 'U'),
(193, 'LEC', 'FRI', '11:45:00', '13:00:00', 'ENGR 213UA', 'U'),
(194, 'TUT', 'FRI', '14:15:00', '15:55:00', 'ENGR 213UA', 'UA'),
(195, 'LEC', 'WED', '11:45:00', '13:00:00', 'ENGR 213UB', 'U'),
(196, 'LEC', 'FRI', '11:45:00', '13:00:00', 'ENGR 213UB', 'U'),
(197, 'TUT', 'FRI', '14:15:00', '15:55:00', 'ENGR 213UB', 'UB'),
(198, 'LEC', 'WED', '08:45:00', '10:00:00', 'ENGR 213VA', 'V'),
(199, 'LEC', 'FRI', '08:45:00', '10:00:00', 'ENGR 213VA', 'V'),
(200, 'TUT', 'THU', '13:45:00', '15:25:00', 'ENGR 213VA', 'VA'),
(201, 'LEC', 'WED', '08:45:00', '10:00:00', 'ENGR 213VB', 'V'),
(202, 'LEC', 'FRI', '08:45:00', '10:00:00', 'ENGR 213VB', 'V'),
(203, 'TUT', 'THU', '13:45:00', '15:25:00', 'ENGR 213VB', 'VB'),
(204, 'LEC', 'TUE', '10:15:00', '11:30:00', 'ENGR 213XA', 'X'),
(205, 'LEC', 'THU', '10:15:00', '11:30:00', 'ENGR 213XA', 'X'),
(206, 'TUT', 'MON', '13:15:00', '14:55:00', 'ENGR 213XA', 'XA'),
(207, 'LEC', 'TUE', '10:15:00', '11:30:00', 'ENGR 213XB', 'X'),
(208, 'LEC', 'THU', '10:15:00', '11:30:00', 'ENGR 213XB', 'X'),
(209, 'TUT', 'MON', '13:15:00', '14:55:00', 'ENGR 213XB', 'XB'),
(210, 'LEC', 'FRI', '17:45:00', '20:15:00', 'ENGR 213XE', 'XX'),
(211, 'TUT', 'FRI', '15:45:00', '17:25:00', 'ENGR 213XE', 'XE'),
(212, 'LEC', 'FRI', '17:45:00', '20:15:00', 'ENGR 213XF', 'XX'),
(213, 'TUT', 'FRI', '15:45:00', '17:25:00', 'ENGR 213XF', 'XF'),
(214, 'LEC', 'TUE', '14:45:00', '16:00:00', 'ENGR 213FA', 'F'),
(215, 'LEC', 'THU', '14:45:00', '16:00:00', 'ENGR 213FA', 'F'),
(216, 'TUT', 'MON', '18:00:00', '19:40:00', 'ENGR 213FA', 'FA'),
(217, 'LEC', 'TUE', '14:45:00', '16:00:00', 'ENGR 213FB', 'F'),
(218, 'LEC', 'THU', '14:45:00', '16:00:00', 'ENGR 213FB', 'F'),
(219, 'TUT', 'FRI', '17:45:00', '19:25:00', 'ENGR 213FB', 'FB'),
(220, 'LEC', 'TUE', '14:45:00', '16:00:00', 'ENGR 213GA', 'G'),
(221, 'LEC', 'THU', '14:45:00', '16:00:00', 'ENGR 213GA', 'G'),
(222, 'TUT', 'MON', '16:10:00', '17:50:00', 'ENGR 213GA', 'GA'),
(223, 'LEC', 'TUE', '14:45:00', '16:00:00', 'ENGR 213GB', 'G'),
(224, 'LEC', 'THU', '14:45:00', '16:00:00', 'ENGR 213GB', 'G'),
(225, 'TUT', 'FRI', '17:45:00', '19:25:00', 'ENGR 213GB', 'GB'),
(226, 'LEC', 'TUE', '14:45:00', '16:00:00', 'ENGR 213JA', 'J'),
(227, 'LEC', 'THU', '14:45:00', '16:00:00', 'ENGR 213JA', 'J'),
(228, 'TUT', 'FRI', '15:45:00', '17:25:00', 'ENGR 213JA', 'JA'),
(229, 'LEC', 'TUE', '14:45:00', '16:00:00', 'ENGR 213JB', 'J'),
(230, 'LEC', 'THU', '14:45:00', '16:00:00', 'ENGR 213JB', 'J'),
(231, 'TUT', 'FRI', '15:45:00', '17:25:00', 'ENGR 213JB', 'JB'),
(232, 'LEC', 'TUE', '10:45:00', '13:15:00', 'ENGR 233CE', 'CC'),
(233, 'LEC', 'THU', '10:45:00', '13:15:00', 'ENGR 233CE', 'CC'),
(234, 'TUT', 'TUE', '08:45:00', '10:25:00', 'ENGR 233CE', 'CE'),
(235, 'TUT', 'THU', '08:45:00', '10:25:00', 'ENGR 233CE', 'CE'),
(236, 'LEC', 'TUE', '10:45:00', '13:15:00', 'ENGR 233CF', 'CC'),
(237, 'LEC', 'THU', '10:45:00', '13:15:00', 'ENGR 233CF', 'CC'),
(238, 'TUT', 'TUE', '08:45:00', '10:25:00', 'ENGR 233CF', 'CF'),
(239, 'TUT', 'THU', '08:45:00', '10:25:00', 'ENGR 233CF', 'CF'),
(240, 'LEC', 'TUE', '13:15:00', '14:30:00', 'ENGR 233PA', 'P'),
(241, 'LEC', 'THU', '13:15:00', '14:30:00', 'ENGR 233PA', 'P'),
(242, 'TUT', 'MON', '10:45:00', '12:25:00', 'ENGR 233PA', 'PA'),
(243, 'LEC', 'TUE', '13:15:00', '14:30:00', 'ENGR 233PB', 'P'),
(244, 'LEC', 'THU', '13:15:00', '14:30:00', 'ENGR 233PB', 'P'),
(245, 'TUT', 'MON', '10:45:00', '12:25:00', 'ENGR 233PB', 'PB'),
(246, 'LEC', 'TUE', '13:15:00', '14:30:00', 'ENGR 233QA', 'Q'),
(247, 'LEC', 'THU', '13:15:00', '14:30:00', 'ENGR 233QA', 'Q'),
(248, 'TUT', 'MON', '10:45:00', '12:25:00', 'ENGR 233QA', 'QA'),
(249, 'LEC', 'TUE', '13:15:00', '14:30:00', 'ENGR 233QB', 'Q'),
(250, 'LEC', 'THU', '13:15:00', '14:30:00', 'ENGR 233QB', 'Q'),
(251, 'TUT', 'MON', '10:45:00', '12:25:00', 'ENGR 233QB', 'QB'),
(252, 'LEC', 'MON', '16:15:00', '17:30:00', 'ENGR 233JA', 'J'),
(253, 'LEC', 'WED', '16:15:00', '17:30:00', 'ENGR 233JA', 'J'),
(254, 'TUT', 'MON', '17:45:00', '19:25:00', 'ENGR 233JA', 'JA'),
(255, 'LEC', 'MON', '16:15:00', '17:30:00', 'ENGR 233JB', 'J'),
(256, 'LEC', 'WED', '16:15:00', '17:30:00', 'ENGR 233JB', 'J'),
(257, 'TUT', 'MON', '19:40:00', '21:20:00', 'ENGR 233JB', 'JB'),
(258, 'LEC', 'TUE', '11:45:00', '13:00:00', 'ENGR 233RA', 'R'),
(259, 'LEC', 'THU', '11:45:00', '13:00:00', 'ENGR 233RA', 'R'),
(260, 'TUT', 'FRI', '14:15:00', '15:55:00', 'ENGR 233RA', 'RA'),
(261, 'LEC', 'TUE', '11:45:00', '13:00:00', 'ENGR 233RB', 'R'),
(262, 'LEC', 'THU', '11:45:00', '13:00:00', 'ENGR 233RB', 'R'),
(263, 'TUT', 'FRI', '14:15:00', '15:55:00', 'ENGR 233RB', 'RB'),
(264, 'LEC', 'WED', '08:45:00', '10:00:00', 'ENGR 233SA', 'S'),
(265, 'LEC', 'FRI', '08:45:00', '10:00:00', 'ENGR 233SA', 'S'),
(266, 'TUT', 'MON', '08:20:00', '10:00:00', 'ENGR 233SA', 'SA'),
(267, 'LEC', 'WED', '08:45:00', '10:00:00', 'ENGR 233SB', 'S'),
(268, 'LEC', 'FRI', '08:45:00', '10:00:00', 'ENGR 233SB', 'S'),
(269, 'TUT', 'WED', '13:15:00', '14:55:00', 'ENGR 233SB', 'SB'),
(270, 'LEC', 'WED', '10:15:00', '11:30:00', 'ENGR 233TA', 'T'),
(271, 'LEC', 'FRI', '10:15:00', '11:30:00', 'ENGR 233TA', 'T'),
(272, 'TUT', 'THU', '09:45:00', '11:25:00', 'ENGR 233TA', 'TA'),
(273, 'LEC', 'WED', '10:15:00', '11:30:00', 'ENGR 233TB', 'T'),
(274, 'LEC', 'FRI', '10:15:00', '11:30:00', 'ENGR 233TB', 'T'),
(275, 'TUT', 'THU', '09:45:00', '11:25:00', 'ENGR 233TB', 'TB'),
(276, 'LEC', 'TUE', '08:45:00', '10:00:00', 'ENGR 233UA', 'U'),
(277, 'LEC', 'THU', '08:45:00', '10:00:00', 'ENGR 233UA', 'U'),
(278, 'TUT', 'MON', '09:45:00', '11:25:00', 'ENGR 233UA', 'UA'),
(279, 'LEC', 'TUE', '08:45:00', '10:00:00', 'ENGR 233UB', 'U'),
(280, 'LEC', 'THU', '08:45:00', '10:00:00', 'ENGR 233UB', 'U'),
(281, 'TUT', 'MON', '13:15:00', '14:55:00', 'ENGR 233UB', 'UB'),
(282, 'LEC', 'TUE', '08:45:00', '10:00:00', 'ENGR 233VA', 'V'),
(283, 'LEC', 'THU', '08:45:00', '10:00:00', 'ENGR 233VA', 'V'),
(284, 'TUT', 'MON', '08:20:00', '10:00:00', 'ENGR 233VA', 'VA'),
(285, 'LEC', 'TUE', '08:45:00', '10:00:00', 'ENGR 233VB', 'V'),
(286, 'LEC', 'THU', '08:45:00', '10:00:00', 'ENGR 233VB', 'V'),
(287, 'TUT', 'MON', '08:20:00', '10:00:00', 'ENGR 233VB', 'VB'),
(288, 'LEC', 'WED', '10:15:00', '11:30:00', 'ENGR 233XA', 'X'),
(289, 'LEC', 'FRI', '10:15:00', '11:30:00', 'ENGR 233XA', 'X'),
(290, 'TUT', 'FRI', '14:15:00', '15:55:00', 'ENGR 233XA', 'XA'),
(291, 'LEC', 'WED', '10:15:00', '11:30:00', 'ENGR 233XB', 'X'),
(292, 'LEC', 'FRI', '10:15:00', '11:30:00', 'ENGR 233XB', 'X'),
(293, 'TUT', 'FRI', '14:15:00', '15:55:00', 'ENGR 233XB', 'XB'),
(294, 'LEC', 'TUE', '18:30:00', '21:00:00', 'ENGR 301AA', 'AA'),
(295, 'LEC', 'THU', '18:30:00', '21:00:00', 'ENGR 301AA', 'AA'),
(296, 'LEC', 'TUE', '18:30:00', '21:00:00', 'ENGR 301AB', 'AB'),
(297, 'LEC', 'TUE', '18:30:00', '21:00:00', 'ENGR 301AB', 'AB'),
(298, 'LEC', 'TUE', '16:15:00', '17:30:00', 'ENGR 301GA', 'G'),
(299, 'LEC', 'THU', '16:15:00', '17:30:00', 'ENGR 301GA', 'G'),
(300, 'TUT', 'TUE', '17:45:00', '18:35:00', 'ENGR 301GA', 'GA'),
(301, 'LEC', 'TUE', '16:15:00', '17:30:00', 'ENGR 301GB', 'G'),
(302, 'LEC', 'THU', '16:15:00', '17:30:00', 'ENGR 301GB', 'G'),
(303, 'TUT', 'TUE', '18:45:00', '19:35:00', 'ENGR 301GB', 'GB'),
(304, 'LEC', 'TUE', '16:15:00', '17:30:00', 'ENGR 301GC', 'G'),
(305, 'LEC', 'THU', '16:15:00', '17:30:00', 'ENGR 301GC', 'G'),
(306, 'TUT', 'TUE', '17:45:00', '18:35:00', 'ENGR 301GC', 'GC'),
(307, 'LEC', 'TUE', '16:15:00', '17:30:00', 'ENGR 301GD', 'G'),
(308, 'LEC', 'THU', '16:15:00', '17:30:00', 'ENGR 301GD', 'G'),
(309, 'TUT', 'THU', '18:45:00', '19:35:00', 'ENGR 301GD', 'GD'),
(310, 'LEC', 'TUE', '16:15:00', '17:30:00', 'ENGR 301HA', 'H'),
(311, 'LEC', 'THU', '16:15:00', '17:30:00', 'ENGR 301HA', 'H'),
(312, 'TUT', 'THU', '17:45:00', '18:35:00', 'ENGR 301HA', 'HA'),
(313, 'LEC', 'TUE', '16:15:00', '17:30:00', 'ENGR 301HB', 'H'),
(314, 'LEC', 'THU', '16:15:00', '17:30:00', 'ENGR 301HB', 'H'),
(315, 'TUT', 'THU', '19:45:00', '20:35:00', 'ENGR 301HB', 'HB'),
(316, 'LEC', 'TUE', '16:15:00', '17:30:00', 'ENGR 301HC', 'H'),
(317, 'LEC', 'THU', '16:15:00', '17:30:00', 'ENGR 301HC', 'H'),
(318, 'TUT', 'TUE', '19:45:00', '20:35:00', 'ENGR 301HC', 'HC'),
(319, 'LEC', 'TUE', '16:15:00', '17:30:00', 'ENGR 301HD', 'H'),
(320, 'LEC', 'THU', '16:15:00', '17:30:00', 'ENGR 301HD', 'H'),
(321, 'TUT', 'TUE', '19:45:00', '20:35:00', 'ENGR 301HD', 'HD'),
(322, 'LEC', 'FRI', '17:45:00', '20:15:00', 'ENGR 301FA', 'FF'),
(323, 'TUT', 'MON', '17:45:00', '18:35:00', 'ENGR 301FA', 'FA'),
(324, 'LEC', 'FRI', '17:45:00', '20:15:00', 'ENGR 301FB', 'FF'),
(325, 'TUT', 'MON', '18:45:00', '19:35:00', 'ENGR 301FB', 'FB'),
(326, 'LEC', 'FRI', '17:45:00', '20:15:00', 'ENGR 301FC', 'FF'),
(327, 'TUT', 'MON', '17:45:00', '18:35:00', 'ENGR 301FC', 'FC'),
(328, 'LEC', 'FRI', '17:45:00', '20:15:00', 'ENGR 301FD', 'FF'),
(329, 'TUT', 'WED', '18:45:00', '19:35:00', 'ENGR 301FD', 'FD'),
(330, 'LEC', 'FRI', '17:45:00', '20:15:00', 'ENGR 301IA', 'II'),
(331, 'TUT', 'WED', '17:45:00', '18:35:00', 'ENGR 301IA', 'IA'),
(332, 'LEC', 'FRI', '17:45:00', '20:15:00', 'ENGR 301IB', 'II'),
(333, 'TUT', 'WED', '18:45:00', '18:35:00', 'ENGR 301IB', 'IB'),
(334, 'LEC', 'FRI', '17:45:00', '20:15:00', 'ENGR 301IC', 'II'),
(335, 'TUT', 'WED', '17:45:00', '18:35:00', 'ENGR 301IC', 'IC'),
(336, 'LEC', 'FRI', '17:45:00', '20:15:00', 'ENGR 301ID', 'II'),
(337, 'TUT', 'MON', '18:45:00', '19:35:00', 'ENGR 301ID', 'ID'),
(338, 'LEC', 'TUE', '16:15:00', '17:30:00', 'ENGR 301RA', 'R'),
(339, 'LEC', 'THU', '16:15:00', '17:30:00', 'ENGR 301RA', 'R'),
(340, 'TUT', 'TUE', '17:45:00', '18:35:00', 'ENGR 301RA', 'RA'),
(341, 'LEC', 'TUE', '16:15:00', '17:30:00', 'ENGR 301RB', 'R'),
(342, 'LEC', 'THU', '16:15:00', '17:30:00', 'ENGR 301RB', 'R'),
(343, 'TUT', 'TUE', '17:45:00', '18:35:00', 'ENGR 301RB', 'RB'),
(344, 'LEC', 'TUE', '16:15:00', '17:30:00', 'ENGR 301RC', 'R'),
(345, 'LEC', 'THU', '16:15:00', '17:30:00', 'ENGR 301RC', 'R'),
(346, 'TUT', 'THU', '18:45:00', '19:35:00', 'ENGR 301RC', 'RC'),
(347, 'LEC', 'TUE', '16:15:00', '17:30:00', 'ENGR 301RD', 'R'),
(348, 'LEC', 'THU', '16:15:00', '17:30:00', 'ENGR 301RD', 'R'),
(349, 'TUT', 'THU', '18:45:00', '19:35:00', 'ENGR 301RD', 'RD'),
(350, 'LEC', 'MON', '17:45:00', '20:15:00', 'ENGR 301SA', 'S'),
(351, 'TUT', 'THU', '17:45:00', '18:35:00', 'ENGR 301SA', 'SA'),
(352, 'LEC', 'MON', '17:45:00', '20:15:00', 'ENGR 301SB', 'S'),
(353, 'TUT', 'THU', '17:45:00', '18:35:00', 'ENGR 301SB', 'SB'),
(354, 'LEC', 'MON', '17:45:00', '20:15:00', 'ENGR 301SC', 'S'),
(355, 'TUT', 'TUE', '18:45:00', '19:35:00', 'ENGR 301SC', 'SC'),
(356, 'LEC', 'MON', '17:45:00', '20:15:00', 'ENGR 301SD', 'S'),
(357, 'TUT', 'TUE', '18:45:00', '19:35:00', 'ENGR 301SD', 'SD'),
(358, 'LEC', 'MON', '18:30:00', '21:00:00', 'ENGR 371CE', 'CC'),
(359, 'LEC', 'WED', '18:30:00', '21:00:00', 'ENGR 371CE', 'CC'),
(360, 'TUT', 'MON', '21:15:00', '22:05:00', 'ENGR 371CE', 'CE'),
(361, 'TUT', 'WED', '21:15:00', '22:05:00', 'ENGR 371CE', 'CE'),
(362, 'LEC', 'MON', '18:30:00', '21:00:00', 'ENGR 371CF', 'CC'),
(363, 'LEC', 'WED', '18:30:00', '21:00:00', 'ENGR 371CF', 'CC'),
(364, 'TUT', 'MON', '21:15:00', '22:05:00', 'ENGR 371CF', 'CF'),
(365, 'TUT', 'WED', '21:15:00', '22:05:00', 'ENGR 371CF', 'CF'),
(366, 'LEC', 'MON', '18:30:00', '21:00:00', 'ENGR 371CG', 'CC'),
(367, 'LEC', 'WED', '18:30:00', '21:00:00', 'ENGR 371CG', 'CC'),
(368, 'TUT', 'MON', '21:15:00', '22:05:00', 'ENGR 371CG', 'CG'),
(369, 'TUT', 'WED', '21:15:00', '22:05:00', 'ENGR 371CG', 'CG'),
(370, 'LEC', 'TUE', '13:15:00', '14:30:00', 'ENGR 371RA', 'R'),
(371, 'LEC', 'THU', '13:15:00', '14:30:00', 'ENGR 371RA', 'R'),
(372, 'TUT', 'MON', '11:45:00', '12:35:00', 'ENGR 371RA', 'RA'),
(373, 'LEC', 'TUE', '13:15:00', '14:30:00', 'ENGR 371RB', 'R'),
(374, 'LEC', 'THU', '13:15:00', '14:30:00', 'ENGR 371RB', 'R'),
(375, 'TUT', 'MON', '10:15:00', '11:05:00', 'ENGR 371RB', 'RB'),
(376, 'LEC', 'TUE', '13:15:00', '14:30:00', 'ENGR 371RC', 'R'),
(377, 'LEC', 'THU', '13:15:00', '14:30:00', 'ENGR 371RC', 'R'),
(378, 'TUT', 'THU', '16:15:00', '17:05:00', 'ENGR 371RC', 'RC'),
(379, 'LEC', 'MON', '13:15:00', '14:30:00', 'ENGR 371SA', 'S'),
(380, 'LEC', 'WED', '13:15:00', '14:30:00', 'ENGR 371SA', 'S'),
(381, 'TUT', 'TUE', '13:15:00', '14:05:00', 'ENGR 371SA', 'SA'),
(382, 'LEC', 'MON', '13:15:00', '14:30:00', 'ENGR 371SB', 'S'),
(383, 'LEC', 'WED', '13:15:00', '14:30:00', 'ENGR 371SB', 'S'),
(384, 'TUT', 'THU', '13:15:00', '14:05:00', 'ENGR 371SB', 'SB'),
(385, 'LEC', 'MON', '13:15:00', '14:30:00', 'ENGR 371SC', 'S'),
(386, 'LEC', 'WED', '13:15:00', '14:30:00', 'ENGR 371SC', 'S'),
(387, 'TUT', 'THU', '13:15:00', '14:05:00', 'ENGR 371SC', 'SC'),
(388, 'LEC', 'WED', '08:45:00', '10:00:00', 'ENGR 371VA', 'V'),
(389, 'LEC', 'FRI', '08:45:00', '10:00:00', 'ENGR 371VA', 'V'),
(390, 'TUT', 'THU', '13:15:00', '14:05:00', 'ENGR 371VA', 'VA'),
(391, 'LEC', 'WED', '08:45:00', '10:00:00', 'ENGR 371VB', 'V'),
(392, 'LEC', 'FRI', '08:45:00', '10:00:00', 'ENGR 371VB', 'V'),
(393, 'TUT', 'THU', '13:15:00', '14:05:00', 'ENGR 371VB', 'VB'),
(394, 'LEC', 'MON', '17:45:00', '20:15:00', 'ENGR 371FA', 'FF'),
(395, 'TUT', 'TUE', '17:45:00', '18:35:00', 'ENGR 371FA', 'FA'),
(396, 'LEC', 'MON', '17:45:00', '20:15:00', 'ENGR 371FB', 'FF'),
(397, 'TUT', 'WED', '17:45:00', '18:35:00', 'ENGR 371FB', 'FB'),
(398, 'LEC', 'MON', '17:45:00', '20:15:00', 'ENGR 371FC', 'FF'),
(399, 'TUT', 'WED', '18:45:00', '19:35:00', 'ENGR 371FC', 'FC'),
(400, 'LEC', 'TUE', '14:45:00', '16:00:00', 'ENGR 371TA', 'T'),
(401, 'LEC', 'THU', '14:45:00', '16:00:00', 'ENGR 371TA', 'T'),
(402, 'TUT', 'FRI', '10:15:00', '11:05:00', 'ENGR 371TA', 'TA'),
(403, 'LEC', 'TUE', '14:45:00', '16:00:00', 'ENGR 371TB', 'T'),
(404, 'LEC', 'THU', '14:45:00', '16:00:00', 'ENGR 371TB', 'T'),
(405, 'TUT', 'FRI', '10:15:00', '11:05:00', 'ENGR 371TB', 'TB'),
(406, 'LEC', 'TUE', '14:45:00', '16:00:00', 'ENGR 371TC', 'T'),
(407, 'LEC', 'THU', '14:45:00', '16:00:00', 'ENGR 371TC', 'T'),
(408, 'TUT', 'FRI', '10:15:00', '11:05:00', 'ENGR 371TC', 'TC'),
(409, 'LEC', 'WED', '10:15:00', '11:30:00', 'ENGR 371WA', 'W'),
(410, 'LEC', 'FRI', '10:15:00', '11:30:00', 'ENGR 371WA', 'W'),
(411, 'TUT', 'WED', '08:45:00', '09:35:00', 'ENGR 371WA', 'WA'),
(412, 'LEC', 'WED', '10:15:00', '11:30:00', 'ENGR 371WB', 'W'),
(413, 'LEC', 'FRI', '10:15:00', '11:30:00', 'ENGR 371WB', 'W'),
(414, 'TUT', 'FRI', '08:45:00', '09:35:00', 'ENGR 371WB', 'WB'),
(415, 'LEC', 'WED', '10:15:00', '11:30:00', 'ENGR 371WC', 'W'),
(416, 'LEC', 'FRI', '10:15:00', '11:30:00', 'ENGR 371WC', 'W'),
(417, 'TUT', 'WED', '08:45:00', '09:35:00', 'ENGR 371WC', 'WC'),
(418, 'LEC', 'FRI', '17:45:00', '20:15:00', 'ENGR 371UA', 'U'),
(419, 'TUT', 'FRI', '14:45:00', '15:35:00', 'ENGR 371UA', 'UA'),
(420, 'LEC', 'FRI', '17:45:00', '20:15:00', 'ENGR 371UB', 'U'),
(421, 'TUT', 'FRI', '14:45:00', '15:35:00', 'ENGR 371UB', 'UB'),
(422, 'LEC', 'FRI', '17:45:00', '20:15:00', 'ENGR 371UC', 'U'),
(423, 'TUT', 'MON', '14:45:00', '15:35:00', 'ENGR 371UC', 'UC'),
(424, 'LEC', 'TUE', '18:30:00', '21:00:00', 'ENGR 391AE', 'AA'),
(425, 'LEC', 'THU', '18:30:00', '21:00:00', 'ENGR 391AE', 'AA'),
(426, 'TUT', 'TUE', '21:10:00', '22:00:00', 'ENGR 391AE', 'AE'),
(427, 'TUT', 'THU', '21:10:00', '22:00:00', 'ENGR 391AE', 'AE'),
(428, 'LEC', 'TUE', '18:30:00', '21:00:00', 'ENGR 391AF', 'AA'),
(429, 'LEC', 'THU', '18:30:00', '21:00:00', 'ENGR 391AF', 'AA'),
(430, 'TUT', 'TUE', '17:30:00', '18:20:00', 'ENGR 391AF', 'AF'),
(431, 'TUT', 'THU', '17:30:00', '18:20:00', 'ENGR 391AF', 'AF'),
(432, 'LEC', 'TUE', '18:30:00', '21:00:00', 'ENGR 391CE', 'CC'),
(433, 'LEC', 'THU', '18:30:00', '21:00:00', 'ENGR 391CE', 'CC'),
(434, 'TUT', 'TUE', '21:10:00', '22:00:00', 'ENGR 391CE', 'CE'),
(435, 'TUT', 'THU', '21:10:00', '22:00:00', 'ENGR 391CE', 'CE'),
(436, 'LEC', 'TUE', '18:30:00', '21:00:00', 'ENGR 391CF', 'CC'),
(437, 'LEC', 'THU', '18:30:00', '21:00:00', 'ENGR 391CF', 'CC'),
(438, 'TUT', 'TUE', '21:10:00', '22:00:00', 'ENGR 391CF', 'CF'),
(439, 'TUT', 'THU', '21:10:00', '22:00:00', 'ENGR 391CF', 'CF'),
(440, 'LEC', 'TUE', '18:30:00', '21:00:00', 'ENGR 391CG', 'CD'),
(441, 'LEC', 'THU', '18:30:00', '21:00:00', 'ENGR 391CG', 'CD'),
(442, 'TUT', 'TUE', '17:30:00', '18:20:00', 'ENGR 391CG', 'CG'),
(443, 'TUT', 'THU', '17:30:00', '18:20:00', 'ENGR 391CG', 'CG'),
(444, 'LEC', 'TUE', '18:30:00', '21:00:00', 'ENGR 391CH', 'CD'),
(445, 'LEC', 'THU', '18:30:00', '21:00:00', 'ENGR 391CH', 'CD'),
(446, 'TUT', 'TUE', '16:30:00', '17:20:00', 'ENGR 391CH', 'CH'),
(447, 'TUT', 'THU', '16:30:00', '17:20:00', 'ENGR 391CH', 'CH'),
(448, 'LEC', 'TUE', '16:15:00', '17:30:00', 'ENGR 391FA', 'F'),
(449, 'LEC', 'THU', '16:15:00', '17:30:00', 'ENGR 391FA', 'F'),
(450, 'TUT', 'FRI', '14:15:00', '15:05:00', 'ENGR 391FA', 'FA'),
(451, 'LEC', 'TUE', '16:15:00', '17:30:00', 'ENGR 391FB', 'F'),
(452, 'LEC', 'THU', '16:15:00', '17:30:00', 'ENGR 391FB', 'F'),
(453, 'TUT', 'FRI', '16:15:00', '17:05:00', 'ENGR 391FB', 'FB'),
(454, 'LEC', 'TUE', '16:15:00', '17:30:00', 'ENGR 391SA', 'S'),
(455, 'LEC', 'THU', '16:15:00', '17:30:00', 'ENGR 391SA', 'S'),
(456, 'TUT', 'FRI', '14:15:00', '15:05:00', 'ENGR 391SA', 'SA'),
(457, 'LEC', 'TUE', '16:15:00', '17:30:00', 'ENGR 391SB', 'S'),
(458, 'LEC', 'THU', '16:15:00', '17:30:00', 'ENGR 391SB', 'S'),
(459, 'TUT', 'FRI', '16:15:00', '17:05:00', 'ENGR 391SB', 'SB'),
(460, 'LEC', 'TUE', '13:15:00', '14:30:00', 'ENGR 391VA', 'V'),
(461, 'LEC', 'THU', '13:15:00', '14:30:00', 'ENGR 391VA', 'V'),
(462, 'TUT', 'FRI', '11:45:00', '12:35:00', 'ENGR 391VA', 'VA'),
(463, 'LEC', 'TUE', '13:15:00', '14:30:00', 'ENGR 391VB', 'V'),
(464, 'LEC', 'THU', '13:15:00', '14:30:00', 'ENGR 391VB', 'V'),
(465, 'TUT', 'FRI', '13:15:00', '14:05:00', 'ENGR 391VB', 'VB'),
(466, 'LEC', 'TUE', '13:15:00', '14:30:00', 'ENGR 391VC', 'V'),
(467, 'LEC', 'THU', '13:15:00', '14:30:00', 'ENGR 391VC', 'V'),
(468, 'TUT', 'FRI', '11:45:00', '12:35:00', 'ENGR 391VC', 'VC'),
(469, 'LEC', 'WED', '08:45:00', '10:00:00', 'ENGR 391XA', 'X'),
(470, 'LEC', 'FRI', '08:45:00', '10:00:00', 'ENGR 391XA', 'X'),
(471, 'TUT', 'FRI', '13:15:00', '14:05:00', 'ENGR 391XA', 'XA'),
(472, 'LEC', 'WED', '08:45:00', '10:00:00', 'ENGR 391XB', 'X'),
(473, 'LEC', 'FRI', '08:45:00', '10:00:00', 'ENGR 391XB', 'X'),
(474, 'TUT', 'FRI', '15:15:00', '16:05:00', 'ENGR 391XB', 'XB'),
(475, 'LEC', 'WED', '08:45:00', '10:00:00', 'ENGR 391XC', 'X'),
(476, 'LEC', 'FRI', '08:45:00', '10:00:00', 'ENGR 391XC', 'X'),
(477, 'TUT', 'FRI', '13:15:00', '14:05:00', 'ENGR 391XC', 'XC'),
(478, 'LEC', 'THU', '17:45:00', '20:15:00', 'ENGR 391UA', 'UU'),
(479, 'TUT', 'THU', '20:30:00', '21:20:00', 'ENGR 391UA', 'UA'),
(480, 'LEC', 'THU', '17:45:00', '20:15:00', 'ENGR 391UB', 'UU'),
(481, 'TUT', 'THU', '20:30:00', '21:20:00', 'ENGR 391UB', 'UB'),
(482, 'LEC', 'THU', '17:45:00', '20:15:00', 'ENGR 391UC', 'UU'),
(483, 'TUT', 'TUE', '17:45:00', '18:35:00', 'ENGR 391UC', 'UC'),
(484, 'LEC', 'TUE', '08:45:00', '11:15:00', 'ENGR 392AA', 'AA'),
(485, 'LEC', 'THU', '08:45:00', '11:15:00', 'ENGR 392AA', 'AA'),
(486, 'LEC', 'TUE', '11:45:00', '14:15:00', 'ENGR 392AB', 'AB'),
(487, 'LEC', 'THU', '11:45:00', '14:15:00', 'ENGR 392AB', 'AB'),
(488, 'LEC', 'TUE', '08:45:00', '11:15:00', 'ENGR 392CC', 'C'),
(489, 'LEC', 'THU', '08:45:00', '11:15:00', 'ENGR 392CC', 'CC'),
(490, 'LEC', 'FRI', '08:45:00', '11:15:00', 'ENGR 392D', 'D'),
(491, 'LEC', 'MON', '16:15:00', '17:30:00', 'ENGR 392F', 'F'),
(492, 'LEC', 'WED', '16:15:00', '17:30:00', 'ENGR 392F', 'F'),
(493, 'LEC', 'THU', '17:45:00', '20:15:00', 'ENGR 392EE', 'EE'),
(494, 'LEC', 'TUE', '11:45:00', '13:00:00', 'ENGR 392P', 'P'),
(495, 'LEC', 'THU', '11:45:00', '13:00:00', 'ENGR 392P', 'P'),
(496, 'LEC', 'MON', '16:15:00', '17:30:00', 'ENGR 392Q', 'Q'),
(497, 'LEC', 'WED', '16:15:00', '17:30:00', 'ENGR 392Q', 'Q'),
(498, 'LEC', 'TUE', '17:45:00', '20:15:00', 'ENGR 392RR', 'RR'),
(499, 'LEC', 'TUE', '08:45:00', '10:00:00', 'COEN 231DA', 'D'),
(500, 'LEC', 'THU', '08:45:00', '10:00:00', 'COEN 231DA', 'D'),
(501, 'TUT', 'MON', '16:15:00', '17:05:00', 'COEN 231DA', 'DA'),
(502, 'LEC', 'TUE', '08:45:00', '10:00:00', 'COEN 231DB', 'D'),
(503, 'LEC', 'THU', '08:45:00', '10:00:00', 'COEN 231DB', 'D'),
(504, 'TUT', 'FRI', '16:15:00', '17:05:00', 'COEN 231DB', 'DB'),
(505, 'LEC', 'TUE', '08:45:00', '10:00:00', 'COEN 231UA', 'U'),
(506, 'LEC', 'THU', '08:45:00', '10:00:00', 'COEN 231UA', 'U'),
(507, 'TUT', 'WED', '16:15:00', '17:05:00', 'COEN 231UA', 'UA'),
(508, 'LEC', 'TUE', '08:45:00', '10:00:00', 'COEN 231UB', 'U'),
(509, 'LEC', 'THU', '08:45:00', '10:00:00', 'COEN 231UB', 'U'),
(510, 'TUT', 'MON', '16:15:00', '17:05:00', 'COEN 231UB', 'UB'),
(511, 'LEC', 'WED', '08:45:00', '10:00:00', 'COEN 231YA', 'Y'),
(512, 'LEC', 'FRI', '08:45:00', '10:00:00', 'COEN 231YA', 'Y'),
(513, 'TUT', 'FRI', '13:15:00', '14:05:00', 'COEN 231YA', 'YA'),
(514, 'LEC', 'WED', '08:45:00', '10:00:00', 'COEN 231YB', 'Y'),
(515, 'LEC', 'FRI', '08:45:00', '10:00:00', 'COEN 231YB', 'Y'),
(516, 'TUT', 'FRI', '13:15:00', '14:05:00', 'COEN 231YB', 'YB'),
(517, 'LEC', 'WED', '08:45:00', '10:00:00', 'COEN 231YC', 'Y'),
(518, 'LEC', 'FRI', '08:45:00', '10:00:00', 'COEN 231YC', 'Y'),
(519, 'TUT', 'FRI', '13:15:00', '14:05:00', 'COEN 231YC', 'YC'),
(520, 'LEC', 'MON', '09:30:00', '12:00:00', 'COEN 243AE', 'AA'),
(521, 'LEC', 'WED', '09:30:00', '12:00:00', 'COEN 243AE', 'AA'),
(522, 'TUT', 'MON', '12:15:00', '13:55:00', 'COEN 243AE', 'AE'),
(523, 'TUT', 'WED', '12:15:00', '13:55:00', 'COEN 243AE', 'AE'),
(524, 'LEC', 'MON', '09:30:00', '12:00:00', 'COEN 243AF', 'AA'),
(525, 'LEC', 'WED', '09:30:00', '12:00:00', 'COEN 243AF', 'AA'),
(526, 'TUT', 'MON', '12:15:00', '13:55:00', 'COEN 243AF', 'AF'),
(527, 'TUT', 'WED', '12:15:00', '13:55:00', 'COEN 243AF', 'AF'),
(528, 'LEC', 'WED', '10:15:00', '11:30:00', 'COEN 243UA', 'U'),
(529, 'LEC', 'FRI', '10:15:00', '11:30:00', 'COEN 243UA', 'U'),
(530, 'TUT', 'MON', '08:45:00', '10:25:00', 'COEN 243UA', 'UA'),
(531, 'LEC', 'WED', '10:15:00', '11:30:00', 'COEN 243UB', 'U'),
(532, 'LEC', 'FRI', '10:15:00', '11:30:00', 'COEN 243UB', 'U'),
(533, 'TUT', 'TUE', '11:45:00', '13:25:00', 'COEN 243UB', 'UB'),
(534, 'LEC', 'WED', '10:15:00', '11:30:00', 'COEN 243UC', 'U'),
(535, 'LEC', 'FRI', '10:15:00', '11:30:00', 'COEN 243UC', 'U'),
(536, 'TUT', 'WED', '08:25:00', '10:05:00', 'COEN 243UC', 'UC'),
(537, 'LEC', 'TUE', '16:15:00', '17:30:00', 'COEN 243JA', 'J'),
(538, 'LEC', 'THU', '16:15:00', '17:30:00', 'COEN 243JA', 'J'),
(539, 'TUT', 'WED', '10:15:00', '11:55:00', 'COEN 243JA', 'JA'),
(540, 'LEC', 'TUE', '16:15:00', '17:30:00', 'COEN 243JB', 'J'),
(541, 'LEC', 'THU', '16:15:00', '17:30:00', 'COEN 243JB', 'J'),
(542, 'TUT', 'WED', '14:45:00', '16:25:00', 'COEN 243JB', 'JB'),
(543, 'LEC', 'TUE', '16:15:00', '17:30:00', 'COEN 243JC', 'J'),
(544, 'LEC', 'THU', '16:15:00', '17:30:00', 'COEN 243JC', 'J'),
(545, 'TUT', 'MON', '11:45:00', '13:25:00', 'COEN 243JC', 'JC'),
(546, 'LEC', 'MON', '18:30:00', '21:00:00', 'COEN 244CE', 'CC'),
(547, 'LEC', 'WED', '18:30:00', '21:00:00', 'COEN 244CE', 'CC'),
(548, 'TUT', 'MON', '16:40:00', '18:20:00', 'COEN 244CE', 'CE'),
(549, 'TUT', 'WED', '16:40:00', '18:20:00', 'COEN 244CE', 'CE'),
(550, 'LEC', 'MON', '18:30:00', '21:00:00', 'COEN 244CF', 'CC'),
(551, 'LEC', 'WED', '18:30:00', '21:00:00', 'COEN 244CF', 'CC'),
(552, 'TUT', 'TUE', '16:40:00', '18:20:00', 'COEN 244CF', 'CF'),
(553, 'TUT', 'THU', '16:40:00', '18:20:00', 'COEN 244CF', 'CF'),
(554, 'LEC', 'WED', '16:15:00', '17:30:00', 'COEN 244FA', 'F'),
(555, 'LEC', 'FRI', '16:15:00', '17:30:00', 'COEN 244FA', 'F'),
(556, 'TUT', 'TUE', '14:15:00', '15:55:00', 'COEN 244FA', 'FA'),
(557, 'LEC', 'WED', '16:15:00', '17:30:00', 'COEN 244FB', 'F'),
(558, 'LEC', 'FRI', '16:15:00', '17:30:00', 'COEN 244FB', 'F'),
(559, 'TUT', 'WED', '14:15:00', '15:55:00', 'COEN 244FB', 'FB'),
(560, 'LEC', 'WED', '16:15:00', '17:30:00', 'COEN 244FC', 'F'),
(561, 'LEC', 'FRI', '16:15:00', '17:30:00', 'COEN 244FC', 'F'),
(562, 'TUT', 'THU', '14:15:00', '15:55:00', 'COEN 244FC', 'FC'),
(563, 'LEC', 'MON', '08:45:00', '10:00:00', 'COEN 244SA', 'S'),
(564, 'LEC', 'WED', '08:45:00', '10:00:00', 'COEN 244SA', 'S'),
(565, 'TUT', 'MON', '12:30:00', '14:10:00', 'COEN 244SA', 'SA'),
(566, 'LEC', 'MON', '08:45:00', '10:00:00', 'COEN 244SB', 'S'),
(567, 'LEC', 'WED', '08:45:00', '10:00:00', 'COEN 244SB', 'S'),
(568, 'TUT', 'WED', '12:15:00', '13:55:00', 'COEN 244SB', 'SB'),
(569, 'LEC', 'MON', '08:45:00', '10:00:00', 'COEN 244SC', 'S'),
(570, 'LEC', 'WED', '08:45:00', '10:00:00', 'COEN 244SC', 'S'),
(571, 'TUT', 'THU', '14:45:00', '16:25:00', 'COEN 244SC', 'SC'),
(572, 'LEC', 'WED', '16:15:00', '17:30:00', 'COEN 244UA', 'U'),
(573, 'LEC', 'FRI', '16:15:00', '17:30:00', 'COEN 244UA', 'U'),
(574, 'TUT', 'WED', '14:15:00', '15:55:00', 'COEN 244UA', 'UA'),
(575, 'LEC', 'WED', '16:15:00', '17:30:00', 'COEN 244UB', 'U'),
(576, 'LEC', 'FRI', '16:15:00', '17:30:00', 'COEN 244UB', 'U'),
(577, 'TUT', 'FRI', '14:15:00', '15:55:00', 'COEN 244UB', 'UB'),
(578, 'LEC', 'WED', '16:15:00', '17:30:00', 'COEN 244UC', 'U'),
(579, 'LEC', 'FRI', '16:15:00', '17:30:00', 'COEN 244UC', 'U'),
(580, 'TUT', 'WED', '12:15:00', '13:55:00', 'COEN 244UC', 'UC'),
(581, 'LEC', 'TUE', '14:45:00', '16:00:00', 'COEN 244WA', 'W'),
(582, 'LEC', 'THU', '14:45:00', '16:00:00', 'COEN 244WA', 'W'),
(583, 'TUT', 'TUE', '16:15:00', '17:55:00', 'COEN 244WA', 'WA'),
(584, 'LEC', 'TUE', '14:45:00', '16:00:00', 'COEN 244WB', 'W'),
(585, 'LEC', 'THU', '14:45:00', '16:00:00', 'COEN 244WB', 'W'),
(586, 'TUT', 'THU', '08:45:00', '10:25:00', 'COEN 244WB', 'WB'),
(587, 'LEC', 'TUE', '14:45:00', '16:00:00', 'COEN 244WC', 'W'),
(588, 'LEC', 'THU', '14:45:00', '16:00:00', 'COEN 244WC', 'W'),
(589, 'TUT', 'TUE', '08:45:00', '10:25:00', 'COEN 244WC', 'WC'),
(590, 'LEC', 'TUE', '14:45:00', '16:00:00', 'COEN 244WD', 'W'),
(591, 'LEC', 'THU', '14:45:00', '16:00:00', 'COEN 244WD', 'W'),
(592, 'TUT', 'THU', '16:15:00', '17:55:00', 'COEN 244WD', 'WD'),
(593, 'LEC', 'WED', '14:45:00', '16:00:00', 'COEN 311FI', 'F'),
(594, 'LEC', 'FRI', '14:45:00', '16:00:00', 'COEN 311FI', 'F'),
(595, 'TUT', 'FRI', '13:15:00', '14:05:00', 'COEN 311FI', 'FA'),
(596, 'LAB', 'MON', '14:45:00', '17:30:00', 'COEN 311FI', 'FI'),
(597, 'LEC', 'WED', '14:45:00', '16:00:00', 'COEN 311FJ', 'F'),
(598, 'LEC', 'FRI', '14:45:00', '16:00:00', 'COEN 311FJ', 'F'),
(599, 'TUT', 'FRI', '13:15:00', '14:05:00', 'COEN 311FJ', 'FA'),
(600, 'LAB', 'TUE', '08:45:00', '11:30:00', 'COEN 311FJ', 'FJ'),
(601, 'LEC', 'WED', '14:45:00', '16:00:00', 'COEN 311FK', 'F'),
(602, 'LEC', 'FRI', '14:45:00', '16:00:00', 'COEN 311FK', 'F'),
(603, 'TUT', 'FRI', '13:15:00', '14:05:00', 'COEN 311FK', 'FA'),
(604, 'LAB', 'TUE', '08:45:00', '11:30:00', 'COEN 311FK', 'FK'),
(605, 'LEC', 'WED', '14:45:00', '16:00:00', 'COEN 311FL', 'F'),
(606, 'LEC', 'FRI', '14:45:00', '16:00:00', 'COEN 311FL', 'F'),
(607, 'TUT', 'WED', '13:15:00', '14:05:00', 'COEN 311FL', 'FB'),
(608, 'LAB', 'THU', '08:45:00', '11:30:00', 'COEN 311FL', 'FL'),
(609, 'LEC', 'WED', '14:45:00', '16:00:00', 'COEN 311FM', 'F'),
(610, 'LEC', 'FRI', '14:45:00', '16:00:00', 'COEN 311FM', 'F'),
(611, 'TUT', 'WED', '13:15:00', '14:05:00', 'COEN 311FM', 'FB'),
(612, 'LAB', 'THU', '08:45:00', '11:30:00', 'COEN 311FM', 'FM'),
(613, 'LEC', 'TUE', '14:45:00', '16:00:00', 'COEN 311QI', 'Q'),
(614, 'LEC', 'THU', '14:45:00', '16:00:00', 'COEN 311QI', 'Q'),
(615, 'TUT', 'THU', '13:15:00', '14:05:00', 'COEN 311QI', 'QA'),
(616, 'LAB', 'MON', '08:45:00', '11:30:00', 'COEN 311QI', 'QI'),
(617, 'LEC', 'TUE', '14:45:00', '16:00:00', 'COEN 311QJ', 'Q'),
(618, 'LEC', 'THU', '14:45:00', '16:00:00', 'COEN 311QJ', 'Q'),
(619, 'TUT', 'THU', '13:15:00', '14:05:00', 'COEN 311QJ', 'QA'),
(620, 'LAB', 'MON', '08:45:00', '11:30:00', 'COEN 311QJ', 'QJ'),
(621, 'LEC', 'TUE', '14:45:00', '16:00:00', 'COEN 311QL', 'Q'),
(622, 'LEC', 'THU', '14:45:00', '16:00:00', 'COEN 311QL', 'Q'),
(623, 'TUT', 'TUE', '13:15:00', '14:05:00', 'COEN 311QL', 'QB'),
(624, 'LAB', 'WED', '08:45:00', '11:30:00', 'COEN 311QL', 'QL'),
(625, 'LEC', 'TUE', '14:45:00', '16:00:00', 'COEN 311QM', 'Q'),
(626, 'LEC', 'THU', '14:45:00', '16:00:00', 'COEN 311QM', 'Q'),
(627, 'TUT', 'TUE', '13:15:00', '14:05:00', 'COEN 311QM', 'QB'),
(628, 'LAB', 'WED', '08:45:00', '11:30:00', 'COEN 311QM', 'QM'),
(629, 'LEC', 'TUE', '14:45:00', '16:00:00', 'COEN 311QN', 'Q'),
(630, 'LEC', 'THU', '14:45:00', '16:00:00', 'COEN 311QN', 'Q'),
(631, 'TUT', 'TUE', '13:15:00', '14:05:00', 'COEN 311QN', 'QB'),
(632, 'LAB', 'MON', '14:45:00', '17:30:00', 'COEN 311QN', 'QN'),
(633, 'LEC', 'MON', '14:45:00', '16:00:00', 'COEN 311WI', 'W'),
(634, 'LEC', 'WED', '14:45:00', '16:00:00', 'COEN 311WI', 'W'),
(635, 'TUT', 'WED', '13:45:00', '14:35:00', 'COEN 311WI', 'WA'),
(636, 'LAB', 'MON', '08:45:00', '11:30:00', 'COEN 311WI', 'WI'),
(637, 'LEC', 'MON', '14:45:00', '16:00:00', 'COEN 311WJ', 'W'),
(638, 'LEC', 'WED', '14:45:00', '16:00:00', 'COEN 311WJ', 'W'),
(639, 'TUT', 'WED', '13:45:00', '14:35:00', 'COEN 311WJ', 'WA'),
(640, 'LAB', 'MON', '08:45:00', '11:30:00', 'COEN 311WJ', 'WJ'),
(641, 'LEC', 'MON', '14:45:00', '16:00:00', 'COEN 311WK', 'W'),
(642, 'LEC', 'WED', '14:45:00', '16:00:00', 'COEN 311WK', 'W'),
(643, 'TUT', 'WED', '13:45:00', '14:35:00', 'COEN 311WK', 'WB'),
(644, 'LAB', 'THU', '14:45:00', '17:30:00', 'COEN 311WK', 'WK'),
(645, 'LEC', 'MON', '14:45:00', '16:00:00', 'COEN 311WL', 'W'),
(646, 'LEC', 'WED', '14:45:00', '16:00:00', 'COEN 311WL', 'W'),
(647, 'TUT', 'WED', '13:45:00', '14:35:00', 'COEN 311WL', 'WB'),
(648, 'LAB', 'THU', '14:45:00', '17:30:00', 'COEN 311WL', 'WL'),
(649, 'LEC', 'MON', '09:30:00', '12:00:00', 'COEN 312CI', 'CC'),
(650, 'LEC', 'WED', '09:30:00', '12:00:00', 'COEN 312CI', 'CC'),
(651, 'TUT', 'MON', '12:50:00', '14:30:00', 'COEN 312CI', 'CE'),
(652, 'TUT', 'WED', '12:50:00', '14:30:00', 'COEN 312CI', 'CE'),
(653, 'LAB', 'MON', '14:45:00', '17:30:00', 'COEN 312CI', 'CI'),
(654, 'LEC', 'MON', '09:30:00', '12:00:00', 'COEN 312CJ', 'CC'),
(655, 'LEC', 'WED', '09:30:00', '12:00:00', 'COEN 312CJ', 'CC'),
(656, 'TUT', 'MON', '12:50:00', '14:30:00', 'COEN 312CJ', 'CE'),
(657, 'TUT', 'WED', '12:50:00', '14:30:00', 'COEN 312CJ', 'CE'),
(658, 'LAB', 'WED', '14:45:00', '17:30:00', 'COEN 312CJ', 'CJ'),
(659, 'LEC', 'MON', '09:30:00', '12:00:00', 'COEN 312CK', 'CC'),
(660, 'LEC', 'WED', '09:30:00', '12:00:00', 'COEN 312CK', 'CC'),
(661, 'TUT', 'MON', '12:50:00', '14:30:00', 'COEN 312CK', 'CF'),
(662, 'TUT', 'WED', '12:50:00', '14:30:00', 'COEN 312CK', 'CF'),
(663, 'LAB', 'MON', '17:45:00', '20:30:00', 'COEN 312CK', 'CK'),
(664, 'LEC', 'MON', '09:30:00', '12:00:00', 'COEN 312CL', 'CC'),
(665, 'LEC', 'WED', '09:30:00', '12:00:00', 'COEN 312CL', 'CC'),
(666, 'TUT', 'MON', '12:50:00', '14:30:00', 'COEN 312CL', 'CF'),
(667, 'TUT', 'WED', '12:50:00', '14:30:00', 'COEN 312CL', 'CF'),
(668, 'LAB', 'WED', '17:45:00', '20:30:00', 'COEN 312CL', 'CL'),
(669, 'LEC', 'TUE', '11:45:00', '13:00:00', 'COEN 312UI', 'U'),
(670, 'LEC', 'THU', '11:45:00', '13:00:00', 'COEN 312UI', 'U'),
(671, 'TUT', 'THU', '08:45:00', '10:25:00', 'COEN 312UI', 'UA'),
(672, 'LAB', 'MON', '11:45:00', '14:30:00', 'COEN 312UI', 'UI'),
(673, 'LEC', 'TUE', '11:45:00', '13:00:00', 'COEN 312UJ', 'U'),
(674, 'LEC', 'THU', '11:45:00', '13:00:00', 'COEN 312UJ', 'U'),
(675, 'TUT', 'THU', '08:45:00', '10:25:00', 'COEN 312UJ', 'UA'),
(676, 'LAB', 'MON', '11:45:00', '14:30:00', 'COEN 312UJ', 'UJ'),
(677, 'LEC', 'TUE', '11:45:00', '13:00:00', 'COEN 312UM', 'U'),
(678, 'LEC', 'THU', '11:45:00', '13:00:00', 'COEN 312UM', 'U'),
(679, 'TUT', 'THU', '08:45:00', '10:25:00', 'COEN 312UM', 'UA'),
(680, 'LAB', 'TUE', '08:45:00', '11:30:00', 'COEN 312UM', 'UM'),
(681, 'LEC', 'TUE', '11:45:00', '13:00:00', 'COEN 312UK', 'U'),
(682, 'LEC', 'THU', '11:45:00', '13:00:00', 'COEN 312UK', 'U'),
(683, 'TUT', 'TUE', '08:45:00', '10:25:00', 'COEN 312UK', 'UB'),
(684, 'LAB', 'THU', '08:45:00', '11:30:00', 'COEN 312UK', 'UK'),
(685, 'LEC', 'TUE', '11:45:00', '13:00:00', 'COEN 312UL', 'U'),
(686, 'LEC', 'THU', '11:45:00', '13:00:00', 'COEN 312UL', 'U'),
(687, 'TUT', 'TUE', '08:45:00', '10:25:00', 'COEN 312UL', 'UB'),
(688, 'LAB', 'THU', '08:45:00', '11:30:00', 'COEN 312UL', 'UL'),
(689, 'LEC', 'MON', '17:45:00', '20:15:00', 'COEN 312LI', 'LL'),
(691, 'TUT', 'MON', '14:45:00', '16:25:00', 'COEN 312LI', 'LA'),
(692, 'LAB', 'TUE', '08:45:00', '11:30:00', 'COEN 312LI', 'LI'),
(693, 'LEC', 'MON', '17:45:00', '20:15:00', 'COEN 312LJ', 'LL'),
(694, 'TUT', 'MON', '14:45:00', '16:25:00', 'COEN 312LJ', 'LA'),
(695, 'LAB', 'MON', '08:45:00', '11:30:00', 'COEN 312LJ', 'LJ'),
(696, 'LEC', 'MON', '17:45:00', '20:15:00', 'COEN 312LK', 'LL'),
(697, 'TUT', 'MON', '14:45:00', '16:25:00', 'COEN 312LK', 'LA'),
(698, 'LAB', 'MON', '08:45:00', '11:30:00', 'COEN 312LK', 'LK'),
(699, 'LEC', 'MON', '17:45:00', '20:15:00', 'COEN 312LM', 'LL'),
(700, 'TUT', 'THU', '08:45:00', '10:25:00', 'COEN 312LM', 'LB'),
(701, 'LAB', 'THU', '11:45:00', '14:30:00', 'COEN 312LM', 'LM'),
(702, 'LEC', 'MON', '17:45:00', '20:15:00', 'COEN 312LN', 'LL'),
(703, 'TUT', 'THU', '08:45:00', '10:25:00', 'COEN 312LN', 'LB'),
(704, 'LAB', 'THU', '11:45:00', '14:30:00', 'COEN 312LN', 'LN'),
(705, 'LEC', 'WED', '10:15:00', '11:30:00', 'COEN 316UA', 'U'),
(706, 'LEC', 'FRI', '10:15:00', '11:30:00', 'COEN 316UA', 'U'),
(707, 'TUT', 'WED', '11:45:00', '12:35:00', 'COEN 316UA', 'UA'),
(708, 'LEC', 'TUE', '11:45:00', '13:00:00', 'COEN 317UI', 'U'),
(709, 'LEC', 'THU', '11:45:00', '13:00:00', 'COEN 317UI', 'U'),
(710, 'LAB', 'MON', '08:45:00', '11:30:00', 'COEN 317UI', 'UI'),
(711, 'LEC', 'TUE', '11:45:00', '13:00:00', 'COEN 317UJ', 'U'),
(712, 'LEC', 'THU', '11:45:00', '13:00:00', 'COEN 317UJ', 'U'),
(713, 'LAB', 'MON', '14:45:00', '17:30:00', 'COEN 317UJ', 'UJ'),
(714, 'LEC', 'TUE', '11:45:00', '13:00:00', 'COEN 317UK', 'U'),
(715, 'LEC', 'THU', '11:45:00', '13:00:00', 'COEN 317UK', 'U'),
(716, 'LAB', 'TUE', '14:45:00', '17:30:00', 'COEN 317UK', 'UK'),
(717, 'LEC', 'TUE', '11:45:00', '13:00:00', 'COEN 317UL', 'U'),
(718, 'LEC', 'THU', '11:45:00', '13:00:00', 'COEN 317UL', 'U'),
(719, 'LAB', 'WED', '10:15:00', '13:00:00', 'COEN 317UL', 'UL'),
(720, 'LEC', 'TUE', '11:45:00', '13:00:00', 'COEN 317UM', 'U'),
(721, 'LEC', 'THU', '11:45:00', '13:00:00', 'COEN 317UM', 'U'),
(722, 'LAB', 'WED', '14:45:00', '17:30:00', 'COEN 317UM', 'UM'),
(723, 'LEC', 'TUE', '11:45:00', '13:00:00', 'COEN 317UN', 'U'),
(724, 'LEC', 'THU', '11:45:00', '13:00:00', 'COEN 317UN', 'U'),
(725, 'LAB', 'TUE', '08:45:00', '11:30:00', 'COEN 317UN', 'UN'),
(726, 'LEC', 'TUE', '08:45:00', '11:30:00', 'COEN 346YI', 'Y'),
(727, 'TUT', 'MON', '12:15:00', '13:05:00', 'COEN 346YI', 'YA'),
(728, 'LAB', 'WED', '17:45:00', '20:15:00', 'COEN 346YI', 'YI'),
(729, 'LEC', 'TUE', '08:45:00', '11:30:00', 'COEN 346YJ', 'Y'),
(730, 'TUT', 'MON', '12:15:00', '13:05:00', 'COEN 346YJ', 'YA'),
(731, 'LAB', 'MON', '17:45:00', '20:15:00', 'COEN 346YJ', 'YJ'),
(732, 'LEC', 'TUE', '08:45:00', '11:30:00', 'COEN 346YK', 'Y'),
(733, 'TUT', 'MON', '12:15:00', '13:05:00', 'COEN 346YK', 'YB'),
(734, 'LAB', 'TUE', '17:45:00', '20:15:00', 'COEN 346YK', 'YK'),
(735, 'LEC', 'MON', '18:30:00', '21:00:00', 'COEN 352CE', 'CC'),
(736, 'LEC', 'WED', '18:30:00', '21:00:00', 'COEN 352CE', 'CC'),
(737, 'TUT', 'MON', '17:30:00', '18:20:00', 'COEN 352CE', 'CE'),
(738, 'TUT', 'WED', '17:30:00', '18:20:00', 'COEN 352CE', 'CE'),
(739, 'LEC', 'TUE', '08:45:00', '10:00:00', 'COEN 352HA', 'H'),
(740, 'LEC', 'THU', '08:45:00', '10:00:00', 'COEN 352HA', 'H'),
(741, 'TUT', 'MON', '11:45:00', '12:35:00', 'COEN 352HA', 'HA'),
(742, 'LEC', 'TUE', '08:45:00', '10:00:00', 'COEN 352HB', 'H'),
(743, 'LEC', 'THU', '08:45:00', '10:00:00', 'COEN 352HB', 'H'),
(744, 'TUT', 'MON', '11:45:00', '12:35:00', 'COEN 352HB', 'HB'),
(745, 'LEC', 'WED', '08:45:00', '10:00:00', 'COEN 390HA', 'H'),
(746, 'LEC', 'FRI', '08:45:00', '10:00:00', 'COEN 390HA', 'H'),
(747, 'TUT', 'MON', '17:45:00', '19:35:00', 'COEN 390HA', 'HA'),
(748, 'LEC', 'WED', '10:15:00', '11:30:00', 'COEN 390WA', 'W'),
(749, 'LEC', 'FRI', '10:15:00', '11:30:00', 'COEN 390WA', 'W'),
(750, 'TUT', 'MON', '17:45:00', '19:35:00', 'COEN 390WA', 'WA'),
(751, 'LEC', 'WED', '18:30:00', '21:00:00', 'ELEC 264AE', 'AA'),
(752, 'LEC', 'FRI', '18:30:00', '21:00:00', 'ELEC 264AE', 'AA'),
(753, 'TUT', 'TUE', '16:40:00', '18:20:00', 'ELEC 264AE', 'AE'),
(754, 'TUT', 'THU', '16:40:00', '18:20:00', 'ELEC 264AE', 'AE'),
(755, 'LEC', 'WED', '18:30:00', '21:00:00', 'ELEC 264AF', 'AA'),
(756, 'LEC', 'FRI', '18:30:00', '21:00:00', 'ELEC 264AF', 'AA'),
(757, 'TUT', 'TUE', '16:40:00', '18:20:00', 'ELEC 264AF', 'AF'),
(758, 'TUT', 'THU', '16:40:00', '18:20:00', 'ELEC 264AF', 'AF'),
(759, 'LEC', 'WED', '16:15:00', '17:30:00', 'ELEC 264UA', 'U'),
(760, 'LEC', 'FRI', '16:15:00', '17:30:00', 'ELEC 264UA', 'U'),
(761, 'TUT', 'THU', '19:45:00', '21:35:00', 'ELEC 264UA', 'UA'),
(762, 'LEC', 'WED', '16:15:00', '17:30:00', 'ELEC 264UB', 'U'),
(763, 'LEC', 'FRI', '16:15:00', '17:30:00', 'ELEC 264UB', 'U'),
(764, 'TUT', 'TUE', '19:45:00', '21:35:00', 'ELEC 264UB', 'UB'),
(765, 'LEC', 'WED', '16:15:00', '17:30:00', 'ELEC 264UC', 'U'),
(766, 'LEC', 'FRI', '16:15:00', '17:30:00', 'ELEC 264UC', 'U'),
(767, 'TUT', 'TUE', '16:05:00', '17:55:00', 'ELEC 264UC', 'UC'),
(768, 'LEC', 'WED', '08:45:00', '10:00:00', 'ELEC 264WA', 'W'),
(769, 'LEC', 'FRI', '08:45:00', '10:00:00', 'ELEC 264WA', 'W'),
(770, 'TUT', 'THU', '17:45:00', '19:35:00', 'ELEC 264WA', 'WA'),
(771, 'LEC', 'WED', '08:45:00', '10:00:00', 'ELEC 264WB', 'W'),
(772, 'LEC', 'FRI', '08:45:00', '10:00:00', 'ELEC 264WB', 'W'),
(773, 'TUT', 'TUE', '17:45:00', '19:35:00', 'ELEC 264WB', 'WB'),
(774, 'LEC', 'WED', '08:45:00', '10:00:00', 'ELEC 264WC', 'W'),
(775, 'LEC', 'FRI', '08:45:00', '10:00:00', 'ELEC 264WC', 'W'),
(776, 'TUT', 'THU', '16:05:00', '17:55:00', 'ELEC 264WC', 'WC'),
(777, 'LEC', 'FRI', '13:30:00', '16:00:00', 'ELEC 311BI', 'BB'),
(778, 'TUT', 'MON', '16:15:00', '17:55:00', 'ELEC 311BI', 'BE'),
(779, 'LAB', 'MON', '10:15:00', '13:00:00', 'ELEC 311BI', 'BI'),
(780, 'LEC', 'FRI', '13:30:00', '16:00:00', 'ELEC 311BK', 'BB'),
(781, 'TUT', 'TUE', '08:30:00', '10:10:00', 'ELEC 311BK', 'BF'),
(782, 'LAB', 'TUE', '16:15:00', '19:00:00', 'ELEC 311BK', 'BK'),
(783, 'LEC', 'FRI', '13:30:00', '16:00:00', 'ELEC 311BL', 'BB'),
(784, 'TUT', 'TUE', '08:30:00', '10:10:00', 'ELEC 311BL', 'BF'),
(785, 'LAB', 'WED', '14:15:00', '17:00:00', 'ELEC 311BL', 'BL'),
(786, 'LEC', 'TUE', '10:15:00', '11:30:00', 'ELEC 311FI', 'F'),
(787, 'LEC', 'THU', '10:15:00', '11:30:00', 'ELEC 311FI', 'F'),
(788, 'TUT', 'MON', '14:35:00', '16:15:00', 'ELEC 311FI', 'FA'),
(789, 'LAB', 'TUE', '11:45:00', '14:30:00', 'ELEC 311FI', 'FI'),
(790, 'LEC', 'TUE', '10:15:00', '11:30:00', 'ELEC 311FJ', 'F'),
(791, 'LEC', 'THU', '10:15:00', '11:30:00', 'ELEC 311FJ', 'F'),
(792, 'TUT', 'MON', '14:35:00', '16:15:00', 'ELEC 311FJ', 'FA'),
(793, 'LAB', 'MON', '17:45:00', '20:30:00', 'ELEC 311FJ', 'FJ'),
(794, 'LEC', 'TUE', '10:15:00', '11:30:00', 'ELEC 311FK', 'F'),
(795, 'LEC', 'THU', '10:15:00', '11:30:00', 'ELEC 311FK', 'F'),
(796, 'TUT', 'FRI', '14:35:00', '16:15:00', 'ELEC 311FK', 'FB'),
(797, 'LAB', 'WED', '17:45:00', '20:30:00', 'ELEC 311FK', 'FK'),
(798, 'LEC', 'TUE', '10:15:00', '11:30:00', 'ELEC 311FL', 'F'),
(799, 'LEC', 'THU', '10:15:00', '11:30:00', 'ELEC 311FL', 'F'),
(800, 'TUT', 'FRI', '14:35:00', '16:15:00', 'ELEC 311FL', 'FB'),
(801, 'LAB', 'THU', '17:45:00', '20:30:00', 'ELEC 311FL', 'FL'),
(802, 'LEC', 'MON', '14:45:00', '16:00:00', 'ELEC 311UI', 'U'),
(803, 'LEC', 'WED', '14:45:00', '16:00:00', 'ELEC 311UI', 'U'),
(804, 'TUT', 'TUE', '11:45:00', '13:25:00', 'ELEC 311UI', 'UA'),
(805, 'LAB', 'FRI', '14:45:00', '17:30:00', 'ELEC 311UI', 'UI'),
(806, 'LEC', 'MON', '14:45:00', '16:00:00', 'ELEC 311UJ', 'U'),
(807, 'LEC', 'WED', '14:45:00', '16:00:00', 'ELEC 311UJ', 'U'),
(808, 'TUT', 'TUE', '11:45:00', '13:25:00', 'ELEC 311UJ', 'UA'),
(809, 'LAB', 'WED', '08:45:00', '11:30:00', 'ELEC 311UJ', 'UJ'),
(810, 'LEC', 'MON', '14:45:00', '16:00:00', 'ELEC 311UK', 'U'),
(811, 'LEC', 'WED', '14:45:00', '16:00:00', 'ELEC 311UK', 'U'),
(812, 'TUT', 'FRI', '14:35:00', '16:15:00', 'ELEC 311UK', 'UB'),
(813, 'LAB', 'TUE', '17:45:00', '20:30:00', 'ELEC 311UK', 'UK'),
(814, 'LEC', 'MON', '14:45:00', '16:00:00', 'ELEC 311UL', 'U'),
(815, 'LEC', 'WED', '14:45:00', '16:00:00', 'ELEC 311UL', 'U'),
(816, 'TUT', 'FRI', '14:35:00', '16:15:00', 'ELEC 311UL', 'UB'),
(817, 'LAB', 'TUE', '11:45:00', '14:30:00', 'ELEC 311UL', 'UL'),
(818, 'LEC', 'TUE', '16:15:00', '17:30:00', 'ELEC 321HI', 'H'),
(819, 'LEC', 'THU', '16:15:00', '17:30:00', 'ELEC 321HI', 'H'),
(820, 'TUT', 'TUE', '13:15:00', '14:05:00', 'ELEC 321HI', 'HA'),
(821, 'LAB', 'THU', '17:45:00', '20:30:00', 'ELEC 321HI', 'HI'),
(822, 'LEC', 'TUE', '16:15:00', '17:30:00', 'ELEC 321HJ', 'H'),
(823, 'LEC', 'THU', '16:15:00', '17:30:00', 'ELEC 321HJ', 'H'),
(824, 'TUT', 'TUE', '13:15:00', '14:05:00', 'ELEC 321HJ', 'HA'),
(825, 'LAB', 'MON', '08:45:00', '11:30:00', 'ELEC 321HJ', 'HJ'),
(826, 'LEC', 'TUE', '16:15:00', '17:30:00', 'ELEC 321HK', 'H'),
(827, 'LEC', 'THU', '16:15:00', '17:30:00', 'ELEC 321HK', 'H'),
(828, 'TUT', 'TUE', '13:15:00', '14:05:00', 'ELEC 321HK', 'HA'),
(829, 'LAB', 'WED', '08:45:00', '11:30:00', 'ELEC 321HK', 'HK'),
(830, 'LEC', 'TUE', '16:15:00', '17:30:00', 'ELEC 321HL', 'H'),
(831, 'LEC', 'THU', '16:15:00', '17:30:00', 'ELEC 321HL', 'H'),
(832, 'TUT', 'TUE', '13:15:00', '14:05:00', 'ELEC 321HL', 'HA'),
(833, 'LAB', 'WED', '08:45:00', '11:30:00', 'ELEC 321HL', 'HL'),
(834, 'LEC', 'TUE', '16:15:00', '17:30:00', 'ELEC 321HM', 'H'),
(835, 'LEC', 'THU', '16:15:00', '17:30:00', 'ELEC 321HM', 'H'),
(836, 'TUT', 'WED', '13:15:00', '14:05:00', 'ELEC 321HM', 'HB'),
(837, 'LAB', 'TUE', '13:15:00', '16:00:00', 'ELEC 321HM', 'HM'),
(838, 'LEC', 'TUE', '16:15:00', '17:30:00', 'ELEC 321HN', 'H'),
(839, 'LEC', 'THU', '16:15:00', '17:30:00', 'ELEC 321HN', 'H'),
(840, 'TUT', 'WED', '13:15:00', '14:05:00', 'ELEC 321HN', 'HB'),
(841, 'LAB', 'TUE', '13:15:00', '16:00:00', 'ELEC 321HN', 'HN'),
(842, 'LEC', 'TUE', '16:15:00', '17:30:00', 'ELEC 321HO', 'H'),
(843, 'LEC', 'THU', '16:15:00', '17:30:00', 'ELEC 321HO', 'H'),
(844, 'TUT', 'WED', '13:15:00', '14:05:00', 'ELEC 321HO', 'HB'),
(845, 'LAB', 'THU', '13:15:00', '16:00:00', 'ELEC 321HO', 'HO'),
(846, 'LEC', 'TUE', '16:15:00', '17:30:00', 'ELEC 321HP', 'H'),
(847, 'LEC', 'THU', '16:15:00', '17:30:00', 'ELEC 321HP', 'H'),
(848, 'TUT', 'WED', '13:15:00', '14:05:00', 'ELEC 321HP', 'HB'),
(849, 'LAB', 'THU', '13:15:00', '16:00:00', 'ELEC 321HP', 'HP'),
(850, 'LEC', 'TUE', '16:15:00', '17:30:00', 'ELEC 321WI', 'W'),
(851, 'LEC', 'THU', '16:15:00', '17:30:00', 'ELEC 321WI', 'W'),
(852, 'TUT', 'TUE', '13:15:00', '14:05:00', 'ELEC 321WI', 'WA'),
(853, 'LAB', 'MON', '17:45:00', '20:30:00', 'ELEC 321WI', 'WI'),
(854, 'LEC', 'TUE', '16:15:00', '17:30:00', 'ELEC 321WJ', 'W'),
(855, 'LEC', 'THU', '16:15:00', '17:30:00', 'ELEC 321WJ', 'W'),
(856, 'TUT', 'TUE', '13:15:00', '14:05:00', 'ELEC 321WJ', 'WA'),
(857, 'LAB', 'MON', '17:45:00', '20:30:00', 'ELEC 321WJ', 'WJ'),
(858, 'LEC', 'TUE', '16:15:00', '17:30:00', 'ELEC 321WK', 'W'),
(859, 'LEC', 'THU', '16:15:00', '17:30:00', 'ELEC 321WK', 'W'),
(860, 'TUT', 'TUE', '13:15:00', '14:05:00', 'ELEC 321WK', 'WA'),
(861, 'LAB', 'WED', '17:45:00', '20:30:00', 'ELEC 321WK', 'WK'),
(862, 'LEC', 'TUE', '16:15:00', '17:30:00', 'ELEC 321WL', 'W'),
(863, 'LEC', 'THU', '16:15:00', '17:30:00', 'ELEC 321WL', 'W'),
(864, 'TUT', 'THU', '13:15:00', '14:05:00', 'ELEC 321WL', 'WB'),
(865, 'LAB', 'WED', '17:45:00', '20:30:00', 'ELEC 321WL', 'WL'),
(866, 'LEC', 'TUE', '16:15:00', '17:30:00', 'ELEC 321WM', 'W'),
(867, 'LEC', 'THU', '16:15:00', '17:30:00', 'ELEC 321WM', 'W'),
(868, 'TUT', 'THU', '13:15:00', '14:05:00', 'ELEC 321WM', 'WB'),
(869, 'LAB', 'TUE', '17:45:00', '20:30:00', 'ELEC 321WM', 'WM'),
(870, 'LEC', 'TUE', '16:15:00', '17:30:00', 'ELEC 321WN', 'W'),
(871, 'LEC', 'THU', '16:15:00', '17:30:00', 'ELEC 321WN', 'W'),
(872, 'TUT', 'THU', '13:15:00', '14:05:00', 'ELEC 321WN', 'WB'),
(873, 'LAB', 'MON', '08:45:00', '11:30:00', 'ELEC 321WN', 'WN'),
(874, 'LEC', 'TUE', '16:15:00', '17:30:00', 'ELEC 321WO', 'W'),
(875, 'LEC', 'THU', '16:15:00', '17:30:00', 'ELEC 321WO', 'W'),
(876, 'TUT', 'THU', '13:15:00', '14:05:00', 'ELEC 321WO', 'WC'),
(877, 'LAB', 'TUE', '17:45:00', '20:30:00', 'ELEC 321WO', 'WO'),
(878, 'LEC', 'TUE', '16:15:00', '17:30:00', 'ELEC 321WP', 'W'),
(879, 'LEC', 'THU', '16:15:00', '17:30:00', 'ELEC 321WP', 'W'),
(880, 'TUT', 'THU', '13:15:00', '14:05:00', 'ELEC 321WP', 'WC'),
(881, 'LAB', 'THU', '17:45:00', '20:30:00', 'ELEC 321WP', 'WP'),
(882, 'LEC', 'WED', '10:15:00', '11:30:00', 'ELEC 353WA', 'W'),
(883, 'LEC', 'FRI', '10:15:00', '11:30:00', 'ELEC 353WA', 'W'),
(884, 'TUT', 'FRI', '13:15:00', '14:05:00', 'ELEC 353WA', 'WA'),
(885, 'LEC', 'WED', '10:15:00', '11:30:00', 'ELEC 353WB', 'W'),
(886, 'LEC', 'FRI', '10:15:00', '11:30:00', 'ELEC 353WB', 'W'),
(887, 'TUT', 'FRI', '08:45:00', '09:35:00', 'ELEC 353WB', 'WA'),
(888, 'LEC', 'TUE', '10:15:00', '12:45:00', 'ELEC 364AI', 'AA'),
(889, 'LEC', 'THU', '10:15:00', '12:45:00', 'ELEC 364AI', 'AA'),
(890, 'TUT', 'THU', '12:55:00', '14:35:00', 'ELEC 364AI', 'AE'),
(891, 'LAB', 'THU', '15:00:00', '17:45:00', 'ELEC 364AI', 'AI'),
(892, 'LEC', 'TUE', '10:15:00', '12:45:00', 'ELEC 364AJ', 'AA'),
(893, 'LEC', 'THU', '10:15:00', '12:45:00', 'ELEC 364AJ', 'AA'),
(894, 'TUT', 'THU', '13:15:00', '14:55:00', 'ELEC 364AJ', 'AF'),
(895, 'LAB', 'MON', '13:15:00', '16:00:00', 'ELEC 364AJ', 'AJ'),
(896, 'LEC', 'TUE', '08:45:00', '10:00:00', 'ELEC 364UI', 'U'),
(897, 'LEC', 'THU', '08:45:00', '10:00:00', 'ELEC 364UI', 'U'),
(898, 'TUT', 'WED', '11:45:00', '12:35:00', 'ELEC 364UI', 'UA'),
(899, 'LAB', 'THU', '10:15:00', '13:00:00', 'ELEC 364UI', 'UI'),
(900, 'LEC', 'TUE', '08:45:00', '10:00:00', 'ELEC 364UJ', 'U'),
(901, 'LEC', 'THU', '08:45:00', '10:00:00', 'ELEC 364UJ', 'U'),
(902, 'TUT', 'THU', '10:15:00', '11:05:00', 'ELEC 364UJ', 'UB'),
(903, 'LAB', 'WED', '11:45:00', '14:30:00', 'ELEC 364UJ', 'UJ'),
(904, 'LEC', 'WED', '11:45:00', '13:00:00', 'ELEC 364WI', 'W'),
(905, 'LEC', 'FRI', '11:45:00', '13:00:00', 'ELEC 364WI', 'W'),
(906, 'TUT', 'FRI', '13:15:00', '14:05:00', 'ELEC 364WI', 'WA'),
(907, 'LAB', 'THU', '10:15:00', '13:00:00', 'ELEC 364WI', 'WI'),
(908, 'LEC', 'WED', '11:45:00', '13:00:00', 'ELEC 364WJ', 'W'),
(909, 'LEC', 'FRI', '11:45:00', '13:00:00', 'ELEC 364WJ', 'W'),
(910, 'TUT', 'TUE', '10:15:00', '11:05:00', 'ELEC 364WJ', 'WB'),
(911, 'LAB', 'TUE', '11:45:00', '14:30:00', 'ELEC 364WJ', 'WJ'),
(912, 'LEC', 'TUE', '14:45:00', '17:30:00', 'ELEC 370AI', 'AA'),
(913, 'LEC', 'THU', '14:45:00', '17:30:00', 'ELEC 370AI', 'AA'),
(914, 'TUT', 'TUE', '17:35:00', '18:25:00', 'ELEC 370AI', 'AE'),
(915, 'TUT', 'THU', '17:35:00', '18:25:00', 'ELEC 370AI', 'AE'),
(916, 'LAB', 'MON', '10:15:00', '13:00:00', 'ELEC 370AI', 'AI'),
(917, 'LEC', 'TUE', '14:45:00', '17:30:00', 'ELEC 370AJ', 'AA'),
(918, 'LEC', 'THU', '14:45:00', '17:30:00', 'ELEC 370AJ', 'AA'),
(919, 'TUT', 'TUE', '17:35:00', '18:25:00', 'ELEC 370AJ', 'AE'),
(920, 'TUT', 'THU', '17:35:00', '18:25:00', 'ELEC 370AJ', 'AE'),
(921, 'LAB', 'TUE', '10:15:00', '13:00:00', 'ELEC 370AJ', 'AJ'),
(922, 'LEC', 'TUE', '14:45:00', '17:30:00', 'ELEC 370AK', 'AA'),
(923, 'LEC', 'THU', '14:45:00', '17:30:00', 'ELEC 370AK', 'AA'),
(924, 'TUT', 'TUE', '17:35:00', '18:25:00', 'ELEC 370AK', 'AE'),
(925, 'TUT', 'THU', '17:35:00', '18:25:00', 'ELEC 370AK', 'AE'),
(926, 'LAB', 'THU', '10:15:00', '13:00:00', 'ELEC 370AK', 'AK'),
(927, 'LEC', 'MON', '16:15:00', '17:30:00', 'ELEC 370UI', 'U'),
(928, 'LEC', 'WED', '16:15:00', '17:30:00', 'ELEC 370UI', 'U'),
(929, 'TUT', 'FRI', '14:15:00', '15:05:00', 'ELEC 370UI', 'UA'),
(930, 'LAB', 'THU', '08:45:00', '11:30:00', 'ELEC 370UI', 'UI'),
(931, 'LEC', 'MON', '16:15:00', '17:30:00', 'ELEC 370UJ', 'U'),
(932, 'LEC', 'WED', '16:15:00', '17:30:00', 'ELEC 370UJ', 'U'),
(933, 'TUT', 'FRI', '14:15:00', '15:05:00', 'ELEC 370UJ', 'UA'),
(934, 'LAB', 'THU', '08:45:00', '11:30:00', 'ELEC 370UJ', 'UJ'),
(935, 'LEC', 'MON', '16:15:00', '17:30:00', 'ELEC 370UK', 'U'),
(936, 'LEC', 'WED', '16:15:00', '17:30:00', 'ELEC 370UK', 'U'),
(937, 'TUT', 'FRI', '14:15:00', '15:05:00', 'ELEC 370UK', 'UB'),
(938, 'LAB', 'THU', '14:45:00', '17:30:00', 'ELEC 370UK', 'UK'),
(939, 'LEC', 'MON', '16:15:00', '17:30:00', 'ELEC 370UL', 'U'),
(940, 'LEC', 'WED', '16:15:00', '17:30:00', 'ELEC 370UL', 'U'),
(941, 'TUT', 'FRI', '14:15:00', '15:05:00', 'ELEC 370UL', 'UB'),
(942, 'LAB', 'THU', '14:45:00', '17:30:00', 'ELEC 370UL', 'UL'),
(943, 'LEC', 'MON', '16:15:00', '17:30:00', 'ELEC 370WI', 'W'),
(944, 'LEC', 'WED', '16:15:00', '17:30:00', 'ELEC 370WI', 'W'),
(945, 'TUT', 'MON', '14:15:00', '15:05:00', 'ELEC 370WI', 'WA'),
(946, 'LAB', 'WED', '11:45:00', '14:30:00', 'ELEC 370WI', 'WI'),
(947, 'LEC', 'MON', '16:15:00', '17:30:00', 'ELEC 370WJ', 'W'),
(948, 'LEC', 'WED', '16:15:00', '17:30:00', 'ELEC 370WJ', 'W'),
(949, 'TUT', 'MON', '14:15:00', '15:05:00', 'ELEC 370WJ', 'WA'),
(950, 'LAB', 'WED', '11:45:00', '14:30:00', 'ELEC 370WJ', 'WJ'),
(951, 'LEC', 'MON', '16:15:00', '17:30:00', 'ELEC 370WK', 'W'),
(952, 'LEC', 'WED', '16:15:00', '17:30:00', 'ELEC 370WK', 'W'),
(953, 'TUT', 'WED', '14:15:00', '15:05:00', 'ELEC 370WK', 'WB'),
(954, 'LAB', 'FRI', '11:45:00', '14:30:00', 'ELEC 370WK', 'WK'),
(955, 'LEC', 'MON', '16:15:00', '17:30:00', 'ELEC 370WL', 'W'),
(956, 'LEC', 'WED', '16:15:00', '17:30:00', 'ELEC 370WL', 'W'),
(957, 'TUT', 'WED', '14:15:00', '15:05:00', 'ELEC 370WL', 'WB'),
(958, 'LAB', 'FRI', '11:45:00', '14:30:00', 'ELEC 370WL', 'WL'),
(959, 'LEC', 'TUE', '08:45:00', '10:00:00', 'ELEC 370RI', 'R'),
(960, 'LEC', 'THU', '08:45:00', '10:00:00', 'ELEC 370RI', 'R'),
(961, 'TUT', 'TUE', '10:15:00', '11:05:00', 'ELEC 370RI', 'RA'),
(962, 'LAB', 'MON', '11:45:00', '14:30:00', 'ELEC 370RI', 'RI'),
(963, 'LEC', 'TUE', '08:45:00', '10:00:00', 'ELEC 370RJ', 'R'),
(964, 'LEC', 'THU', '08:45:00', '10:00:00', 'ELEC 370RJ', 'R'),
(965, 'TUT', 'TUE', '10:15:00', '11:05:00', 'ELEC 370RJ', 'RA'),
(966, 'LAB', 'MON', '11:45:00', '14:30:00', 'ELEC 370RJ', 'RJ'),
(967, 'LEC', 'TUE', '08:45:00', '10:00:00', 'ELEC 370RM', 'R'),
(968, 'LEC', 'THU', '08:45:00', '10:00:00', 'ELEC 370RM', 'R'),
(969, 'TUT', 'TUE', '10:15:00', '11:05:00', 'ELEC 370RM', 'RA'),
(970, 'LAB', 'FRI', '14:45:00', '17:30:00', 'ELEC 370RM', 'RM'),
(971, 'LEC', 'TUE', '08:45:00', '10:00:00', 'ELEC 370RK', 'R'),
(972, 'LEC', 'THU', '08:45:00', '10:00:00', 'ELEC 370RK', 'R'),
(973, 'TUT', 'FRI', '13:15:00', '14:05:00', 'ELEC 370RK', 'RB'),
(974, 'LAB', 'TUE', '14:45:00', '17:30:00', 'ELEC 370RK', 'RK'),
(975, 'LEC', 'TUE', '08:45:00', '10:00:00', 'ELEC 370RL', 'R'),
(976, 'LEC', 'THU', '08:45:00', '10:00:00', 'ELEC 370RL', 'R'),
(977, 'TUT', 'FRI', '13:15:00', '14:05:00', 'ELEC 370RL', 'RB'),
(978, 'LAB', 'TUE', '14:45:00', '17:30:00', 'ELEC 370RL', 'RL'),
(979, 'LEC', 'WED', '11:45:00', '13:00:00', 'ELEC 370UI', 'U'),
(980, 'LEC', 'FRI', '11:45:00', '13:00:00', 'ELEC 370UI', 'U'),
(981, 'TUT', 'MON', '11:45:00', '12:35:00', 'ELEC 370UI', 'UA'),
(982, 'LAB', 'WED', '08:45:00', '11:30:00', 'ELEC 370UI', 'UI'),
(983, 'LEC', 'WED', '11:45:00', '13:00:00', 'ELEC 370UJ', 'U'),
(984, 'LEC', 'FRI', '11:45:00', '13:00:00', 'ELEC 370UJ', 'U'),
(985, 'TUT', 'MON', '11:45:00', '12:35:00', 'ELEC 370UJ', 'UA'),
(986, 'LAB', 'MON', '08:45:00', '11:30:00', 'ELEC 370UJ', 'UJ'),
(987, 'LEC', 'WED', '11:45:00', '13:00:00', 'ELEC 370UK', 'U'),
(988, 'LEC', 'FRI', '11:45:00', '13:00:00', 'ELEC 370UK', 'U'),
(989, 'TUT', 'MON', '11:45:00', '12:35:00', 'ELEC 370UK', 'UB'),
(990, 'LAB', 'FRI', '08:45:00', '11:30:00', 'ELEC 370UK', 'UK'),
(991, 'LEC', 'WED', '11:45:00', '13:00:00', 'ELEC 370UL', 'U'),
(992, 'LEC', 'FRI', '11:45:00', '13:00:00', 'ELEC 370UL', 'U'),
(993, 'TUT', 'MON', '11:45:00', '12:35:00', 'ELEC 370UL', 'UB'),
(994, 'LAB', 'FRI', '13:15:00', '16:00:00', 'ELEC 370UL', 'UL'),
(995, 'LEC', 'WED', '10:15:00', '11:30:00', 'SOEN 341HA', 'H'),
(996, 'LEC', 'FRI', '10:15:00', '11:30:00', 'SOEN 341HA', 'H'),
(997, 'TUT', 'FRI', '11:45:00', '12:35:00', 'SOEN 341HA', 'HA'),
(998, 'LEC', 'WED', '10:15:00', '11:30:00', 'SOEN 341HB', 'H'),
(999, 'LEC', 'FRI', '10:15:00', '11:30:00', 'SOEN 341HB', 'H'),
(1000, 'TUT', 'FRI', '12:45:00', '13:35:00', 'SOEN 341HB', 'HB'),
(1001, 'LEC', 'WED', '08:45:00', '10:00:00', 'SOEN 341SA', 'S'),
(1002, 'LEC', 'FRI', '08:45:00', '10:00:00', 'SOEN 341SA', 'S'),
(1003, 'TUT', 'FRI', '12:15:00', '13:05:00', 'SOEN 341SA', 'SA'),
(1004, 'LEC', 'WED', '08:45:00', '10:00:00', 'SOEN 341SB', 'S'),
(1005, 'LEC', 'FRI', '08:45:00', '10:00:00', 'SOEN 341SB', 'S'),
(1006, 'TUT', 'FRI', '13:15:00', '14:05:00', 'SOEN 341SB', 'SB'),
(1007, 'LEC', 'TUE', '16:15:00', '17:30:00', 'COEN 313UI', 'U'),
(1008, 'LEC', 'THU', '16:15:00', '17:30:00', 'COEN 313UI', 'U'),
(1009, 'TUT', 'WED', '08:45:00', '09:35:00', 'COEN 313UI', 'UA'),
(1010, 'LAB', 'MON', '14:45:00', '17:30:00', 'COEN 313UI', 'UI'),
(1011, 'LEC', 'TUE', '16:15:00', '17:30:00', 'COEN 313UJ', 'U'),
(1012, 'LEC', 'THU', '16:15:00', '17:30:00', 'COEN 313UJ', 'U'),
(1013, 'TUT', 'WED', '08:45:00', '09:35:00', 'COEN 313UJ', 'UA'),
(1014, 'LAB', 'WED', '14:45:00', '17:30:00', 'COEN 313UJ', 'UJ'),
(1015, 'LEC', 'TUE', '16:15:00', '17:30:00', 'COEN 313UK', 'U'),
(1016, 'LEC', 'THU', '16:15:00', '17:30:00', 'COEN 313UK', 'U'),
(1017, 'TUT', 'WED', '10:15:00', '11:00:00', 'COEN 313UK', 'UB'),
(1018, 'LAB', 'WED', '14:45:00', '17:30:00', 'COEN 313UK', 'UK'),
(1019, 'LEC', 'TUE', '16:15:00', '17:30:00', 'COEN 313UL', 'U'),
(1020, 'LEC', 'THU', '16:15:00', '17:30:00', 'COEN 313UL', 'U'),
(1021, 'TUT', 'WED', '10:15:00', '11:00:00', 'COEN 313UL', 'UB'),
(1022, 'LAB', 'MON', '14:45:00', '17:30:00', 'COEN 313UL', 'UL'),
(1023, 'LEC', 'THU', '17:45:00', '20:15:00', 'COEN 313FI', 'FF'),
(1024, 'TUT', 'MON', '10:15:00', '11:00:00', 'COEN 313FI', 'FA'),
(1025, 'LAB', 'THU', '08:45:00', '11:30:00', 'COEN 313FI', 'FI'),
(1026, 'LEC', 'THU', '17:45:00', '20:15:00', 'COEN 313FJ', 'FF'),
(1027, 'TUT', 'MON', '10:15:00', '11:00:00', 'COEN 313FJ', 'FA'),
(1028, 'LAB', 'TUE', '08:45:00', '11:30:00', 'COEN 313FJ', 'FJ'),
(1029, 'LEC', 'THU', '17:45:00', '20:15:00', 'COEN 313FK', 'FF'),
(1030, 'TUT', 'FRI', '08:45:00', '09:35:00', 'COEN 313FK', 'FB'),
(1031, 'LAB', 'THU', '08:45:00', '11:30:00', 'COEN 313FK', 'FK'),
(1032, 'LEC', 'THU', '17:45:00', '20:15:00', 'COEN 313FL', 'FF'),
(1033, 'TUT', 'FRI', '08:45:00', '09:35:00', 'COEN 313FL', 'FB'),
(1034, 'LAB', 'TUE', '08:45:00', '11:30:00', 'COEN 313FL', 'FL'),
(1035, 'LEC', 'TUE', '14:45:00', '16:00:00', 'COEN 315UI', 'U'),
(1036, 'LEC', 'THU', '14:45:00', '16:00:00', 'COEN 315UI', 'U'),
(1037, 'TUT', 'TUE', '17:40:00', '18:30:00', 'COEN 315UI', 'UA'),
(1038, 'LAB', 'THU', '11:45:00', '14:30:00', 'COEN 315UI', 'UI'),
(1039, 'LEC', 'TUE', '14:45:00', '16:00:00', 'COEN 315UJ', 'U'),
(1040, 'LEC', 'THU', '14:45:00', '16:00:00', 'COEN 315UJ', 'U'),
(1041, 'TUT', 'TUE', '17:40:00', '18:30:00', 'COEN 315UJ', 'UA'),
(1042, 'LAB', 'THU', '11:45:00', '14:30:00', 'COEN 315UJ', 'UJ'),
(1043, 'LEC', 'TUE', '14:45:00', '16:00:00', 'COEN 315UL', 'U'),
(1044, 'LEC', 'THU', '14:45:00', '16:00:00', 'COEN 315UL', 'U'),
(1045, 'TUT', 'THU', '17:40:00', '18:30:00', 'COEN 315UL', 'UB'),
(1046, 'LAB', 'FRI', '11:45:00', '14:30:00', 'COEN 315UL', 'UL'),
(1047, 'LEC', 'TUE', '10:15:00', '11:30:00', 'COEN 413U', 'U'),
(1048, 'LEC', 'THU', '10:15:00', '11:30:00', 'COEN 413U', 'U'),
(1049, 'LEC', 'MON', '16:15:00', '17:30:00', 'COEN 451UI', 'U'),
(1050, 'LEC', 'WED', '16:15:00', '17:30:00', 'COEN 451UI', 'U'),
(1051, 'LAB', 'WED', '17:45:00', '20:15:00', 'COEN 451UI', 'UI'),
(1052, 'LEC', 'MON', '16:15:00', '17:30:00', 'COEN 451UJ', 'U'),
(1053, 'LEC', 'WED', '16:15:00', '17:30:00', 'COEN 451UJ', 'U'),
(1054, 'LAB', 'MON', '17:45:00', '20:15:00', 'COEN 451UJ', 'UJ'),
(1055, 'LEC', 'TUE', '10:15:00', '11:30:00', 'ELEC 312FI', 'F'),
(1056, 'LEC', 'THU', '10:15:00', '11:30:00', 'ELEC 312FI', 'F'),
(1057, 'TUT', 'THU', '09:10:00', '10:00:00', 'ELEC 312FI', 'FA'),
(1058, 'LAB', 'THU', '11:45:00', '13:35:00', 'ELEC 312FI', 'FI'),
(1059, 'LEC', 'TUE', '10:15:00', '11:30:00', 'ELEC 312FJ', 'F'),
(1060, 'LEC', 'THU', '10:15:00', '11:30:00', 'ELEC 312FJ', 'F'),
(1061, 'TUT', 'THU', '09:10:00', '10:00:00', 'ELEC 312FJ', 'FA'),
(1062, 'LAB', 'FRI', '17:45:00', '20:30:00', 'ELEC 312FJ', 'FJ'),
(1063, 'LEC', 'TUE', '10:15:00', '11:30:00', 'ELEC 312FK', 'F'),
(1064, 'LEC', 'THU', '10:15:00', '11:30:00', 'ELEC 312FK', 'F'),
(1065, 'TUT', 'WED', '10:15:00', '11:05:00', 'ELEC 312FK', 'FB'),
(1066, 'LAB', 'MON', '08:45:00', '11:30:00', 'ELEC 312FK', 'FK'),
(1067, 'LEC', 'TUE', '10:15:00', '11:30:00', 'ELEC 312FL', 'F'),
(1068, 'LEC', 'THU', '10:15:00', '11:30:00', 'ELEC 312FL', 'F'),
(1069, 'TUT', 'WED', '10:15:00', '11:05:00', 'ELEC 312FL', 'FB'),
(1070, 'LAB', 'TUE', '14:45:00', '17:30:00', 'ELEC 312FL', 'FL'),
(1071, 'LEC', 'WED', '10:15:00', '11:30:00', 'ELEC 312WI', 'W'),
(1072, 'LEC', 'FRI', '10:15:00', '11:30:00', 'ELEC 312WI', 'W'),
(1073, 'TUT', 'FRI', '15:15:00', '16:05:00', 'ELEC 312WI', 'WA'),
(1074, 'LAB', 'FRI', '16:30:00', '19:15:00', 'ELEC 312WI', 'WI'),
(1075, 'LEC', 'WED', '10:15:00', '11:30:00', 'ELEC 312WJ', 'W'),
(1076, 'LEC', 'FRI', '10:15:00', '11:30:00', 'ELEC 312WJ', 'W'),
(1077, 'TUT', 'FRI', '15:15:00', '16:05:00', 'ELEC 312WJ', 'WA'),
(1078, 'LAB', 'FRI', '08:45:00', '11:30:00', 'ELEC 312WJ', 'WJ'),
(1079, 'LEC', 'MON', '17:45:00', '20:15:00', 'ELEC 458UU', 'UU'),
(1080, 'LEC', 'MON', '16:15:00', '17:30:00', 'COEN 320SA', 'S'),
(1081, 'LEC', 'WED', '16:15:00', '17:30:00', 'COEN 320SA', 'S'),
(1082, 'TUT', 'WED', '14:45:00', '15:35:00', 'COEN 320SA', 'SA'),
(1083, 'LEC', 'MON', '16:15:00', '17:30:00', 'COEN 320SB', 'S'),
(1084, 'LEC', 'WED', '16:15:00', '17:30:00', 'COEN 320SB', 'S'),
(1085, 'TUT', 'THU', '10:15:00', '11:05:00', 'COEN 320SB', 'SB'),
(1086, 'LEC', 'TUE', '14:45:00', '16:00:00', 'COEN 345UI', 'U'),
(1087, 'LEC', 'THU', '14:45:00', '16:00:00', 'COEN 345UI', 'U'),
(1088, 'TUT', 'THU', '16:15:00', '17:05:00', 'COEN 345UI', 'UA'),
(1089, 'LAB', 'MON', '14:15:00', '16:45:00', 'COEN 345UI', 'UI'),
(1090, 'LEC', 'TUE', '14:45:00', '16:00:00', 'COEN 345UJ', 'U'),
(1091, 'LEC', 'THU', '14:45:00', '16:00:00', 'COEN 345UJ', 'U'),
(1092, 'TUT', 'THU', '16:15:00', '17:05:00', 'COEN 345UJ', 'UA'),
(1093, 'LAB', 'TUE', '17:45:00', '20:15:00', 'COEN 345UJ', 'UJ'),
(1094, 'LEC', 'WED', '13:15:00', '14:30:00', 'COEN 421UI', 'U'),
(1095, 'LEC', 'FRI', '13:15:00', '14:30:00', 'COEN 421UI', 'U'),
(1096, 'LAB', 'MON', '16:15:00', '19:00:00', 'COEN 421UI', 'UI'),
(1097, 'LEC', 'WED', '13:15:00', '14:30:00', 'COEN 421UJ', 'U'),
(1098, 'LEC', 'FRI', '13:15:00', '14:30:00', 'COEN 421UJ', 'U'),
(1099, 'LAB', 'TUE', '08:45:00', '11:30:00', 'COEN 421UJ', 'UJ'),
(1100, 'LEC', 'WED', '13:15:00', '14:30:00', 'COEN 421UK', 'U'),
(1101, 'LEC', 'FRI', '13:15:00', '14:30:00', 'COEN 421UK', 'U'),
(1102, 'LAB', 'WED', '16:15:00', '19:00:00', 'COEN 421UK', 'UK'),
(1103, 'LEC', 'WED', '17:45:00', '20:15:00', 'COEN 432WW', 'WW'),
(1104, 'LEC', 'TUE', '18:30:00', '21:00:00', 'COMP 335AE', 'AA'),
(1105, 'LEC', 'THU', '18:30:00', '21:00:00', 'COMP 335AE', 'AA'),
(1106, 'TUT', 'TUE', '17:30:00', '18:20:00', 'COMP 335AE', 'AE'),
(1107, 'TUT', 'THU', '17:30:00', '18:20:00', 'COMP 335AE', 'AE'),
(1108, 'LEC', 'TUE', '18:30:00', '21:00:00', 'COMP 335AF', 'AA'),
(1109, 'LEC', 'THU', '18:30:00', '21:00:00', 'COMP 335AF', 'AA'),
(1110, 'TUT', 'TUE', '16:30:00', '17:20:00', 'COMP 335AF', 'AF'),
(1111, 'TUT', 'THU', '16:30:00', '17:20:00', 'COMP 335AF', 'AF'),
(1112, 'LEC', 'TUE', '11:45:00', '13:00:00', 'COMP 335GA', 'G'),
(1113, 'LEC', 'THU', '11:45:00', '13:00:00', 'COMP 335GA', 'G'),
(1114, 'TUT', 'TUE', '13:15:00', '14:05:00', 'COMP 335GA', 'GA'),
(1115, 'LEC', 'TUE', '11:45:00', '13:00:00', 'COMP 335GB', 'G'),
(1116, 'LEC', 'THU', '11:45:00', '13:00:00', 'COMP 335GB', 'G'),
(1117, 'TUT', 'THU', '13:15:00', '14:05:00', 'COMP 335GB', 'GB'),
(1118, 'LEC', 'FRI', '17:45:00', '20:15:00', 'COMP 335EA', 'EE'),
(1119, 'TUT', 'TUE', '20:30:00', '21:20:00', 'COMP 335EA', 'EA'),
(1120, 'LEC', 'FRI', '17:45:00', '20:15:00', 'COMP 335EB', 'EE'),
(1121, 'TUT', 'THU', '20:30:00', '21:20:00', 'COMP 335EB', 'EB'),
(1122, 'LEC', 'TUE', '11:45:00', '13:00:00', 'COMP 335NA', 'N'),
(1123, 'LEC', 'THU', '11:45:00', '13:00:00', 'COMP 335NA', 'N'),
(1124, 'TUT', 'TUE', '13:15:00', '14:05:00', 'COMP 335NA', 'NA'),
(1125, 'LEC', 'TUE', '11:45:00', '13:00:00', 'COMP 335NB', 'N'),
(1126, 'LEC', 'THU', '11:45:00', '13:00:00', 'COMP 335NB', 'N'),
(1127, 'TUT', 'THU', '13:15:00', '14:05:00', 'COMP 335NB', 'NB'),
(1128, 'LEC', 'THU', '17:45:00', '20:15:00', 'ELEC 415XL', 'XX'),
(1129, 'LAB', 'MON', '11:45:00', '13:35:00', 'ELEC 415XL', 'XL'),
(1130, 'LEC', 'THU', '17:45:00', '20:15:00', 'ELEC 415XM', 'XX'),
(1131, 'LAB', 'MON', '11:45:00', '13:35:00', 'ELEC 415XM', 'XM'),
(1132, 'LEC', 'THU', '17:45:00', '20:15:00', 'ELEC 415XN', 'XX'),
(1133, 'LAB', 'WED', '12:05:00', '13:55:00', 'ELEC 415XN', 'XN'),
(1134, 'LEC', 'THU', '17:45:00', '20:15:00', 'ELEC 415XO', 'XX'),
(1135, 'LAB', 'WED', '12:05:00', '13:55:00', 'ELEC 415XO', 'XO'),
(1136, 'LEC', 'THU', '17:45:00', '20:15:00', 'ELEC 415XP', 'XX'),
(1137, 'LAB', 'WED', '09:45:00', '11:35:00', 'ELEC 415XP', 'XP'),
(1138, 'LEC', 'THU', '17:45:00', '20:15:00', 'ELEC 415XQ', 'XX'),
(1139, 'LAB', 'WED', '09:45:00', '11:35:00', 'ELEC 415XQ', 'XQ'),
(1140, 'LEC', 'MON', '14:45:00', '17:30:00', 'ELEC 416M', 'M'),
(1142, 'LEC', 'MON', '17:45:00', '20:15:00', 'ENGR 418XX', 'XX'),

(1143, 'LEC', 'TUE', '08:45:00', '10:00:00', 'ELEC 372RI', 'R'),
(1144, 'LEC', 'THU', '08:45:00', '10:00:00', 'ELEC 372RI', 'R'),
(1145, 'TUT', 'TUE', '10:15:00', '11:05:00', 'ELEC 372RI', 'RA'),
(1146, 'LAB', 'MON', '11:45:00', '14:30:00', 'ELEC 372RI', 'RI'),

(1147, 'LEC', 'TUE', '08:45:00', '10:00:00', 'ELEC 372RJ', 'R'),
(1148, 'LEC', 'THU', '08:45:00', '10:00:00', 'ELEC 372RJ', 'R'),
(1149, 'TUT', 'TUE', '10:15:00', '11:05:00', 'ELEC 372RJ', 'RA'),
(1150, 'LAB', 'MON', '11:45:00', '14:30:00', 'ELEC 372RJ', 'RJ'),

(1151, 'LEC', 'TUE', '08:45:00', '10:00:00', 'ELEC 372RM', 'R'),
(1152, 'LEC', 'THU', '08:45:00', '10:00:00', 'ELEC 372RM', 'R'),
(1153, 'TUT', 'TUE', '10:15:00', '11:05:00', 'ELEC 372RM', 'RA'),
(1154, 'LAB', 'FRI', '14:45:00', '17:30:00', 'ELEC 372RM', 'RM'),

(1155, 'LEC', 'TUE', '08:45:00', '10:00:00', 'ELEC 372RK', 'R'),
(1156, 'LEC', 'THU', '08:45:00', '10:00:00', 'ELEC 372RK', 'R'),
(1157, 'TUT', 'FRI', '13:15:00', '14:05:00', 'ELEC 372RK', 'RB'),
(1158, 'LAB', 'TUE', '14:45:00', '17:30:00', 'ELEC 372RK', 'RK'),

(1159, 'LEC', 'TUE', '08:45:00', '10:00:00', 'ELEC 372RL', 'R'),
(1160, 'LEC', 'THU', '08:45:00', '10:00:00', 'ELEC 372RL', 'R'),
(1161, 'TUT', 'FRI', '13:15:00', '14:05:00', 'ELEC 372RL', 'RB'),
(1162, 'LAB', 'FRI', '14:45:00', '17:30:00', 'ELEC 372RL', 'RL'),

(1163, 'LEC', 'WED', '11:45:00', '13:00:00', 'ELEC 372UI', 'U'),
(1164, 'LEC', 'FRI', '11:45:00', '13:00:00', 'ELEC 372UI', 'U'),
(1165, 'TUT', 'MON', '11:45:00', '12:35:00', 'ELEC 372UI', 'UA'),
(1166, 'LAB', 'WED', '08:45:00', '11:30:00', 'ELEC 372UI', 'UI'),

(1167, 'LEC', 'WED', '11:45:00', '13:00:00', 'ELEC 372UJ', 'U'),
(1168, 'LEC', 'FRI', '11:45:00', '13:00:00', 'ELEC 372UJ', 'U'),
(1169, 'TUT', 'MON', '11:45:00', '12:35:00', 'ELEC 372UJ', 'UA'),
(1170, 'LAB', 'MON', '08:45:00', '11:30:00', 'ELEC 372UJ', 'UJ'),

(1171, 'LEC', 'WED', '11:45:00', '13:00:00', 'ELEC 372UK', 'U'),
(1172, 'LEC', 'FRI', '11:45:00', '13:00:00', 'ELEC 372UK', 'U'),
(1173, 'TUT', 'MON', '11:45:00', '12:35:00', 'ELEC 372UK', 'UB'),
(1174, 'LAB', 'FRI', '08:45:00', '11:30:00', 'ELEC 372UK', 'UK'),

(1175, 'LEC', 'WED', '11:45:00', '13:00:00', 'ELEC 372UL', 'U'),
(1176, 'LEC', 'FRI', '11:45:00', '13:00:00', 'ELEC 372UL', 'U'),
(1177, 'TUT', 'MON', '11:45:00', '12:35:00', 'ELEC 372UL', 'UB'),
(1178, 'LAB', 'FRI', '13:15:00', '16:00:00', 'ELEC 372UL', 'UL'),

(1179, 'LEC', 'MON', '08:45:00', '11:30:00', 'MARK 201D','D'),
(1180, 'LEC', 'TUE', '11:45:00', '14:30:00', 'MARK 201E','E'),
(1181, 'LEC', 'FRI', '11:45:00', '14:30:00', 'MARK 201F','F'),
(1182, 'LEC', 'MON', '17:45:00', '20:15:00', 'MARK 201BB','BB');



--
-- Table structure for table `sequenceMember`
--
DROP TABLE IF EXISTS `sequenceMember`;
CREATE TABLE IF NOT EXISTS `sequenceMember` (
  `id` bigint NOT NULL,
  `sequenceId` varchar(14) NOT NULL DEFAULT '',
  `semester` int(1) NOT NULL DEFAULT '1',
  `courseYear` int(1) NOT NULL DEFAULT '1',
  `courseId` varchar(8) NOT NULL DEFAULT '',
  PRIMARY KEY (id),
  KEY `fk_courseId` (`courseId`)
) ENGINE = InnoDB DEFAULT CHARSET=utf8;

--
-- Dumping data for table `sequenceMember`
--
INSERT INTO `sequenceMember` (`id`,`sequenceId`, `semester`, `courseYear`, `courseId`) VALUES
('1', 'COENSept', 2, 1, 'ENGR 213'),
('2', 'COENSept', 2, 1, 'COEN 231'),
('3', 'COENSept', 2, 1, 'COEN 243'),
('4', 'COENSept', 2, 1, 'ENGR 201'),
('5', 'COENSept', 2, 1, 'ELEC 273'),

('6', 'COENSept', 4, 1, 'ENGR 233'),
('7', 'COENSept', 4, 1, 'ELEC 264'),
('8', 'COENSept', 4, 1, 'COEN 244'),
('9', 'COENSept', 4, 1, 'COEN 312'),
('10', 'COENSept', 4, 1, 'ENGR 202'),

('11', 'COENSept', 2, 2, 'COEN 352'),
('12', 'COENSept', 2, 2, 'ELEC 311'),
('13', 'COENSept', 2, 2, 'ELEC 364'),
('14', 'COENSept', 2, 2, 'COEN 311'),
('15', 'COENSept', 2, 2, 'ENCS 282'),

('16', 'COENSept', 4, 2, 'ELEC 370'),
('17', 'COENSept', 4, 2, 'COEN 346'),
('18', 'COENSept', 4, 2, 'SOEN 341'),
('19', 'COENSept', 4, 2, 'ELEC 353'),
('20', 'COENSept', 4, 2, 'ENGR 391'),

('21', 'COENSept', 2, 3, 'COEN 317'),
('22', 'COENSept', 2, 3, 'COEN 316'),
('23', 'COENSept', 2, 3, 'COEN 030'),
('24', 'COENSept', 2, 3, 'COEN 031'),
('25', 'COENSept', 2, 3, 'ENGR 301'),

('26', 'COENSept', 4, 3, 'ENGR 371'),
('27', 'COENSept', 4, 3, 'ELEC 321'),
('28', 'COENSept', 4, 3, 'ELEC 372'),
('29', 'COENSept', 4, 3, 'COEN 390'),

('30', 'COENSept', 2, 4, 'ENGR 392'),
('31', 'COENSept', 2, 4, 'COEN 040'),
('32', 'COENSept', 2, 4, 'COEN 041'),
('33', 'COENSept', 3, 4, 'COEN 490'),

('34', 'COENSept', 4, 4, 'MARK 201'),
('35', 'COENSept', 4, 4, 'COEN 050'),
('36', 'COENSept', 4, 4, 'COEN 051'),
('37', 'COENSept', 4, 4, 'COEN 052'),

('38', 'COENSeptOption', 2, 1, 'ENGR 213'),
('39', 'COENSeptOption', 2, 1, 'COEN 231'),
('40', 'COENSeptOption', 2, 1, 'COEN 243'),
('41', 'COENSeptOption', 2, 1, 'ENGR 201'),
('42', 'COENSeptOption', 2, 1, 'ELEC 273'),

('43', 'COENSeptOption', 4, 1, 'ENGR 233'),
('44', 'COENSeptOption', 4, 1, 'ELEC 264'),
('45', 'COENSeptOption', 4, 1, 'COEN 244'),
('46', 'COENSeptOption', 4, 1, 'COEN 312'),
('47', 'COENSeptOption', 4, 1, 'ENGR 202'),

('48', 'COENSeptOption', 2, 2, 'COEN 352'),
('49', 'COENSeptOption', 2, 2, 'ELEC 311'),
('50', 'COENSeptOption', 2, 2, 'ELEC 364'),
('51', 'COENSeptOption', 2, 2, 'COEN 311'),
('52', 'COENSeptOption', 2, 2, 'ENCS 282'),

('53', 'COENSeptOption', 4, 2, 'ELEC 370'),
('54', 'COENSeptOption', 4, 2, 'COEN 346'),
('55', 'COENSeptOption', 4, 2, 'SOEN 341'),
('56', 'COENSeptOption', 4, 2, 'ELEC 353'),
('57', 'COENSeptOption', 4, 2, 'ENGR 391'),

('58', 'COENSeptOption', 2, 3, 'COEN 317'),
('59', 'COENSeptOption', 2, 3, 'COEN 316'),
('60', 'COENSeptOption', 2, 3, 'COEN 320'),
('61', 'COENSeptOption', 2, 3, 'COEN 031'),
('62', 'COENSeptOption', 2, 3, 'ENGR 301'),

('63', 'COENSeptOption', 4, 3, 'ENGR 371'),
('64', 'COENSeptOption', 4, 3, 'ELEC 321'),
('65', 'COENSeptOption', 4, 3, 'ELEC 372'),
('66', 'COENSeptOption', 4, 3, 'COEN 390'),

('67', 'COENSeptOption', 2, 4, 'ENGR 392'),
('68', 'COENSeptOption', 2, 4, 'ELEC 415'),
('69', 'COENSeptOption', 2, 4, 'ELEC 416'),
('70', 'COENSeptOption', 3, 4, 'COEN 490'),

('71', 'COENSeptOption', 4, 4, 'MARK 201'),
('72', 'COENSeptOption', 4, 4, 'COEN 421'),
('73', 'COENSeptOption', 4, 4, 'ENGR 418'),
('74', 'COENSeptOption', 4, 4, 'COEN 052'),

('75', 'COENJan', 4, 1, 'ENGR 213'),
('76', 'COENJan', 4, 1, 'COEN 231'),
('77', 'COENJan', 4, 1, 'COEN 243'),
('78', 'COENJan', 4, 1, 'ENGR 202'),
('79', 'COENJan', 4, 1, 'ELEC 273'),

('80', 'COENJan', 1, 1, 'ENGR 233'),
('81', 'COENJan', 1, 1, 'ELEC 264'),
('82', 'COENJan', 1, 1, 'COEN 244'),
('83', 'COENJan', 1, 1, 'COEN 312'),
('84', 'COENJan', 1, 1, 'ENGR 201'),

('85', 'COENJan', 2, 2, 'COEN 352'),
('86', 'COENJan', 2, 2, 'ELEC 311'),
('87', 'COENJan', 2, 2, 'ELEC 364'),
('88', 'COENJan', 2, 2, 'COEN 311'),
('89', 'COENJan', 2, 2, 'ENCS 282'),

('90', 'COENJan', 4, 2, 'ELEC 370'),
('91', 'COENJan', 4, 2, 'COEN 346'),
('92', 'COENJan', 4, 2, 'SOEN 341'),
('93', 'COENJan', 4, 2, 'ELEC 353'),
('94', 'COENJan', 4, 2, 'ENGR 301'),

('95', 'COENJan', 2, 3, 'COEN 316'),
('96', 'COENJan', 2, 3, 'COEN 317'),
('97', 'COENJan', 2, 3, 'COEN 030'),
('98', 'COENJan', 2, 3, 'COEN 031'),
('99', 'COENJan', 2, 3, 'ENGR 391'),

('100', 'COENJan', 4, 3, 'ENGR 371'),
('101', 'COENJan', 4, 3, 'ELEC 321'),
('102', 'COENJan', 4, 3, 'ELEC 372'),
('103', 'COENJan', 4, 3, 'COEN 390'),

('104', 'COENJan', 3, 4, 'COEN 490'),
('105', 'COENJan', 2, 4, 'ENGR 392'),
('106', 'COENJan', 2, 4, 'COEN 040'),
('107', 'COENJan', 2, 4, 'COEN 041'),

('108', 'COENJan', 4, 4, 'MARK 201'),
('109', 'COENJan', 4, 4, 'COEN 050'),
('110', 'COENJan', 4, 4, 'COEN 051'),
('111', 'COENJan', 4, 4, 'COEN 052'),

('112', 'COENJanOption', 4, 1, 'ENGR 213'),
('113', 'COENJanOption', 4, 1, 'COEN 231'),
('114', 'COENJanOption', 4, 1, 'COEN 243'),
('115', 'COENJanOption', 4, 1, 'ENGR 202'),
('116', 'COENJanOption', 4, 1, 'ELEC 273'),

('117', 'COENJanOption', 1, 1, 'ENGR 233'),
('118', 'COENJanOption', 1, 1, 'ELEC 264'),
('119', 'COENJanOption', 1, 1, 'COEN 244'),
('120', 'COENJanOption', 1, 1, 'COEN 312'),
('121', 'COENJanOption', 1, 1, 'ENGR 201'),

('122', 'COENJanOption', 2, 2, 'COEN 352'),
('123', 'COENJanOption', 2, 2, 'ELEC 311'),
('124', 'COENJanOption', 2, 2, 'ELEC 364'),
('125', 'COENJanOption', 2, 2, 'COEN 311'),
('126', 'COENJanOption', 2, 2, 'ENCS 282'),

('127', 'COENJanOption', 4, 2, 'ELEC 370'),
('128', 'COENJanOption', 4, 2, 'COEN 346'),
('129', 'COENJanOption', 4, 2, 'SOEN 341'),
('130', 'COENJanOption', 4, 2, 'ELEC 353'),
('131', 'COENJanOption', 4, 2, 'ENGR 301'),

('132', 'COENJanOption', 2, 3, 'COEN 316'),
('133', 'COENJanOption', 2, 3, 'COEN 317'),
('134', 'COENJanOption', 2, 3, 'COEN 320'),
('135', 'COENJanOption', 2, 3, 'COEN 031'),
('136', 'COENJanOption', 2, 3, 'ENGR 391'),

('137', 'COENJanOption', 4, 3, 'ENGR 371'),
('138', 'COENJanOption', 4, 3, 'ELEC 321'),
('139', 'COENJanOption', 4, 3, 'ELEC 372'),
('140', 'COENJanOption', 4, 3, 'COEN 390'),

('141', 'COENJanOption', 3, 4, 'COEN 490'),
('142', 'COENJanOption', 2, 4, 'ENGR 392'),
('143', 'COENJanOption', 2, 4, 'ELEC 415'),
('144', 'COENJanOption', 2, 4, 'ELEC 416'),

('145', 'COENJanOption', 4, 4, 'MARK 201'),
('146', 'COENJanOption', 4, 4, 'COEN 421'),
('147', 'COENJanOption', 4, 4, 'ENGR 418'),
('148', 'COENJanOption', 4, 4, 'COEN 052');

--
-- Table structure for table `Sequence`
--
DROP TABLE IF EXISTS `courseSequence`;
CREATE TABLE IF NOT EXISTS `courseSequence` (
  `sequenceId` varchar(14) NOT NULL DEFAULT '',
  `description` varchar(100) NOT NULL,
  PRIMARY KEY (`sequenceId`),
  UNIQUE KEY `sequenceId_UNIQUE` (`sequenceId`)
) ENGINE= InnoDB DEFAULT CHARSET=utf8;
--
-- Dumping data for table `course`
--
INSERT INTO `courseSequence` (`sequenceId`, `description`) VALUES
('COENSept', 'D'),
('COENSeptOption', 'D'),
('COENJan', 'D'),
('COENJanOption', 'D');



--
-- Table structure for table `courseSet`
--
DROP TABLE IF EXISTS `courseset`;
CREATE TABLE IF NOT EXISTS `courseset` (
  `id` bigint NOT NULL,
  `sequenceId` varchar(14) NOT NULL DEFAULT '',
  `courseId` varchar(8) NOT NULL DEFAULT '',
  `semester` int(1) NOT NULL DEFAULT '1',
  `courseYear` int(1) NOT NULL DEFAULT '1',
  PRIMARY KEY (`id`),
  KEY `fk_course` (`sequenceId`)
) ENGINE = InnoDB DEFAULT CHARSET=utf8;
--
-- Dumping data for table `courseSet`
--
INSERT INTO `courseset` (`id`, `sequenceId`, `courseId`, `semester`, `courseYear`) VALUES
('1', 'COENSept', 'COEN 231', 2, '1'),
('2', 'COENSept', 'ENGR 213', 2, '1'),
('3', 'COENSept', 'COEN 243', 2, '1'),
('4', 'COENSept', 'ENGR 201', 2, '1'),
('5', 'COENSept', 'ELEC 273', 2, '1'),
('6', 'COENSept', 'ENGR 233', 4, '1'),
('7', 'COENSept', 'ELEC 264', 4, '1'),
('8', 'COENSept', 'COEN 244', 4, '1'),
('9', 'COENSept', 'COEN 312', 4, '1'),
('10', 'COENSept', 'COEN 311', 4, '1'),
('11', 'COENSept', 'COEN 352', 4, '2'),
('12', 'COENSept', 'ELEC 311', 1, '2'),
('13', 'COENSept', 'ELEC 364', 1, '2'),
('14', 'COENSept', 'ENGR 202', 1, '2'),
('15', 'COENSept', 'ENCS 282', 1, '2'),
('16', 'COENSeptOption', 'COEN 231', 2, '1'),
('17', 'COENSeptOption', 'ENGR 213', 2, '1'),
('18', 'COENSeptOption', 'COEN 243', 4, '1'),
('19', 'COENSeptOption', 'ENGR 201', 4, '1'),
('20', 'COENSeptOption', 'ELEC 273', 4, '1'),
('21', 'COENSeptOption', 'ENGR 233', 4, '1'),
('22', 'COENSeptOption', 'ELEC 264', 4, '1'),
('23', 'COENSeptOption', 'COEN 312', 4, '1'),
('25', 'COENSeptOption', 'COEN 311', 4, '1'),
('26', 'COENSeptOption', 'COEN 352', 4, '2'),
('27', 'COENSeptOption', 'ELEC 311', 4, '2'),
('28', 'COENSeptOption', 'ELEC 364', 4, '2'),
('29', 'COENSeptOption', 'ENGR 202', 4, '2'),
('30', 'COENSeptOption', 'ENCS 282', 4, '2');

--
-- Table structure for table `registrationHistory`
--
DROP TABLE IF EXISTS `regHistory`;
CREATE TABLE IF NOT EXISTS `regHistory` (
  `id` bigint NOT NULL AUTO_INCREMENT ,
  `studentId` VARCHAR(7) NOT NULL ,
  `courseId` VARCHAR(8) NOT NULL DEFAULT '',
  `registered` BOOLEAN NOT NULL DEFAULT '0',
  `completed` BOOLEAN NOT NULL DEFAULT '0',
  PRIMARY KEY (`id`),
  KEY `fk_course` (`courseId`)
) ENGINE = InnoDB DEFAULT CHARSET=utf8;

--
-- Dumping data for table `regHistory`
--
INSERT INTO `regHistory` (`id`, `studentId`, `courseId`, `registered`, `completed`) VALUES
  ('1', '9060555', 'COEN 231', '0', '1'),
  ('2', '9601643', 'COEN 231', '0', '1'),
  ('3', '9601643', 'COEN 243', '0', '1'),
  ('4', '9601643', 'ENGR 201', '0', '1'),
  ('5', '9601643', 'ENGR 213', '0', '1'),
  ('6', '9601643', 'ENGR 233', '0', '1'),
  ('7', '9601643', 'ELEC 273', '0', '1'),
  ('8', '9601643', 'ENGR 301', '0', '1'),
  ('9', '9601643', 'ENGR 371', '0', '1'),
  ('10', '9601643', 'MARK 201', '0', '1'),
  ('11', '9601643', 'ELEC 311', '0', '1'),
  ('12', '9601643', 'ELEC 321', '0', '1'),
  ('13', '9601643', 'ENCS 282', '0', '1'),
  ('14', '9601643', 'ENGR 202', '0', '1'),
  ('15', '9601643', 'COEN 244', '0', '1'),
  ('16', '9601643', 'COEN 312', '0', '1'),
  ('17', '9601643', 'ELEC 264', '0', '1'),
  ('18', '9601643', 'ENGR 391', '0', '1'),
  ('19', '9601643', 'COEN 311', '0', '1'),
  ('20', '9601643', 'COEN 317', '0', '1'),
  ('21', '9601643', 'COEN 352', '0', '1'),
  ('22', '9601643', 'COEN 390', '0', '1'),
  ('23', '9601643', 'ELEC 364', '0', '1'),
  ('24', '9601643', 'COEN 346', '0', '1'),
  ('25', '9601643', 'ELEC 353', '0', '1'),
  ('26', '9601643', 'ELEC 370', '0', '1'),
  ('27', '9601643', 'SOEN 341', '0', '1');
  
--
-- Table structure for table `program`
--
DROP TABLE IF EXISTS `program`;
CREATE TABLE IF NOT EXISTS `program` (
  `programId` varchar(4) NOT NULL DEFAULT '',
  `programName` varchar(100) NOT NULL,
  `sequenceId` varchar(14) NOT NULL DEFAULT '',
  PRIMARY KEY (`programId`)
) ENGINE = InnoDB DEFAULT CHARSET=utf8;
--
-- Dumping data for table `program`
--
INSERT INTO `program` (`programId`, `programName`, `sequenceId`) VALUES
  ('COEN', 'Computer Engineering', 'COENSept'),
  ('ELEC', 'Electrical Engineering', 'COENSeptOption');
 
 
--
-- Table structure for table `schedule`
--
DROP TABLE IF EXISTS `schedule`;
CREATE TABLE IF NOT EXISTS `schedule` (
  `id` varchar(10) NOT NULL,
  `studentId` VARCHAR(7) NOT NULL ,
  PRIMARY KEY (`id`)
) ENGINE = InnoDB DEFAULT CHARSET=utf8;


--
-- Table structure for table `scheduleMember`
--
DROP TABLE IF EXISTS `scheduleMember`;
CREATE TABLE IF NOT EXISTS `scheduleMember` (
  `scheduleMemberId` varchar(12) NOT NULL,
  `courseCode` varchar(10) NOT NULL,
  `sectionId` varchar(10) NOT NULL,
  `scheduleId` varchar(10) NOT NULL,
  PRIMARY KEY (`scheduleMemberId`),
  KEY `fk_schedule` (`scheduleId`)
) ENGINE = InnoDB DEFAULT CHARSET=utf8;